$MFT,C:\Windows\System32\oleaccrc.dll,\VOLUME{01d240134ec3371c-524f8ba2}\$MFT,60
000005.LDB,C:\Users\STRATARXIS\AppData\Roaming\Atom\INDEXEDDB\FILE__0.INDEXEDDB.LEVELDB\000005.ldb,\VOLUME{01d240134ec3371c-524f8ba2}\USERS\STRATARXIS\APPDATA\ROAMING\ATOM\INDEXEDDB\FILE__0.INDEXEDDB.LEVELDB\000005.LDB,140
000325.LOG,C:\USERS\STRATARXIS\APPDATA\ROAMING\ATOM\INDEXEDDB\FILE__0.INDEXEDDB.LEVELDB\000325.LOG,\VOLUME{01d240134ec3371c-524f8ba2}\USERS\STRATARXIS\APPDATA\ROAMING\ATOM\INDEXEDDB\FILE__0.INDEXEDDB.LEVELDB\000325.LOG,139
000327.LDB,C:\USERS\STRATARXIS\APPDATA\ROAMING\ATOM\INDEXEDDB\FILE__0.INDEXEDDB.LEVELDB\000327.LDB,\VOLUME{01d240134ec3371c-524f8ba2}\USERS\STRATARXIS\APPDATA\ROAMING\ATOM\INDEXEDDB\FILE__0.INDEXEDDB.LEVELDB\000327.LDB,141
ADVAPI32.DLL,C:\Windows\System32\advapi32.dll,\VOLUME{01d240134ec3371c-524f8ba2}\WINDOWS\SYSTEM32\ADVAPI32.DLL,24
AEPIC.DLL,C:\Windows\System32\aepic.dll,\VOLUME{01d240134ec3371c-524f8ba2}\WINDOWS\SYSTEM32\AEPIC.DLL,151
APP.ASAR,C:\Users\STRATARXIS\AppData\Local\atom\APP-1.23.2\RESOURCES\APP.ASAR,\VOLUME{01d240134ec3371c-524f8ba2}\USERS\STRATARXIS\APPDATA\LOCAL\ATOM\APP-1.23.2\RESOURCES\APP.ASAR,83
APPHELP.DLL,C:\Windows\System32\apphelp.dll,\VOLUME{01d240134ec3371c-524f8ba2}\WINDOWS\SYSTEM32\APPHELP.DLL,5
APPLICATION.JSON,C:\Users\STRATARXIS\.ATOM\storage\APPLICATION.JSON,\VOLUME{01d240134ec3371c-524f8ba2}\USERS\STRATARXIS\.ATOM\STORAGE\APPLICATION.JSON,107
ATLTHUNK.DLL,C:\Windows\System32\atlthunk.dll,\VOLUME{01d240134ec3371c-524f8ba2}\WINDOWS\SYSTEM32\ATLTHUNK.DLL,126
ATOM.EXE,C:\Users\STRATARXIS\AppData\Local\atom\APP-1.23.2\atom.exe,\VOLUME{01d240134ec3371c-524f8ba2}\USERS\STRATARXIS\APPDATA\LOCAL\ATOM\APP-1.23.2\ATOM.EXE,1
AUDIOSES.DLL,C:\Windows\System32\AudioSes.dll,\VOLUME{01d240134ec3371c-524f8ba2}\WINDOWS\SYSTEM32\AUDIOSES.DLL,98
AVRT.DLL,C:\Windows\System32\avrt.dll,\VOLUME{01d240134ec3371c-524f8ba2}\WINDOWS\SYSTEM32\AVRT.DLL,101
BCRYPT.DLL,C:\Windows\System32\bcrypt.dll,\VOLUME{01d240134ec3371c-524f8ba2}\WINDOWS\SYSTEM32\BCRYPT.DLL,55
BCRYPTPRIMITIVES.DLL,C:\Windows\System32\BCRYPTPRIMITIVES.DLL,\VOLUME{01d240134ec3371c-524f8ba2}\WINDOWS\SYSTEM32\BCRYPTPRIMITIVES.DLL,17
BLINK_IMAGE_RESOURCES_200_PERCENT.PAK,C:\Users\STRATARXIS\AppData\Local\atom\APP-1.23.2\BLINK_IMAGE_RESOURCES_200_PERCENT.PAK,\VOLUME{01d240134ec3371c-524f8ba2}\USERS\STRATARXIS\APPDATA\LOCAL\ATOM\APP-1.23.2\BLINK_IMAGE_RESOURCES_200_PERCENT.PAK,88
CFGMGR32.DLL,C:\Windows\System32\cfgmgr32.dll,\VOLUME{01d240134ec3371c-524f8ba2}\WINDOWS\SYSTEM32\CFGMGR32.DLL,27
CLBCATQ.DLL,C:\Windows\System32\clbcatq.dll,\VOLUME{01d240134ec3371c-524f8ba2}\WINDOWS\SYSTEM32\CLBCATQ.DLL,103
CLDAPI.DLL,C:\Windows\System32\cldapi.dll,\VOLUME{01d240134ec3371c-524f8ba2}\WINDOWS\SYSTEM32\CLDAPI.DLL,150
COMBASE.DLL,C:\Windows\System32\combase.dll,\VOLUME{01d240134ec3371c-524f8ba2}\WINDOWS\SYSTEM32\COMBASE.DLL,11
COMCTL32.DLL,C:\Windows\WinSxS\AMD64_MICROSOFT.WINDOWS.COMMON-CONTROLS_6595B64144CCF1DF_6.0.16299.98_NONE_CC930A042215C348\comctl32.dll,\VOLUME{01d240134ec3371c-524f8ba2}\WINDOWS\WINSXS\AMD64_MICROSOFT.WINDOWS.COMMON-CONTROLS_6595B64144CCF1DF_6.0.16299.98_NONE_CC930A042215C348\COMCTL32.DLL,10
COMDLG32.DLL,C:\Windows\System32\comdlg32.dll,\VOLUME{01d240134ec3371c-524f8ba2}\WINDOWS\SYSTEM32\COMDLG32.DLL,7
CONFIG.CSON,C:\Users\STRATARXIS\.ATOM\CONFIG.CSON,\VOLUME{01d240134ec3371c-524f8ba2}\USERS\STRATARXIS\.ATOM\CONFIG.CSON,105
CONTENT_RESOURCES_200_PERCENT.PAK,C:\Users\STRATARXIS\AppData\Local\atom\APP-1.23.2\CONTENT_RESOURCES_200_PERCENT.PAK,\VOLUME{01d240134ec3371c-524f8ba2}\USERS\STRATARXIS\APPDATA\LOCAL\ATOM\APP-1.23.2\CONTENT_RESOURCES_200_PERCENT.PAK,89
CONTENT_SHELL.PAK,C:\Users\STRATARXIS\AppData\Local\atom\APP-1.23.2\CONTENT_SHELL.PAK,\VOLUME{01d240134ec3371c-524f8ba2}\USERS\STRATARXIS\APPDATA\LOCAL\ATOM\APP-1.23.2\CONTENT_SHELL.PAK,86
COREMESSAGING.DLL,C:\Windows\System32\COREMESSAGING.DLL,\VOLUME{01d240134ec3371c-524f8ba2}\WINDOWS\SYSTEM32\COREMESSAGING.DLL,128
COREUICOMPONENTS.DLL,C:\Windows\System32\COREUICOMPONENTS.DLL,\VOLUME{01d240134ec3371c-524f8ba2}\WINDOWS\SYSTEM32\COREUICOMPONENTS.DLL,129
CRYPT32.DLL,C:\Windows\System32\crypt32.dll,\VOLUME{01d240134ec3371c-524f8ba2}\WINDOWS\SYSTEM32\CRYPT32.DLL,97
CRYPTBASE.DLL,C:\Windows\System32\CRYPTBASE.DLL,\VOLUME{01d240134ec3371c-524f8ba2}\WINDOWS\SYSTEM32\CRYPTBASE.DLL,56
CRYPTSP.DLL,C:\Windows\System32\cryptsp.dll,\VOLUME{01d240134ec3371c-524f8ba2}\WINDOWS\SYSTEM32\CRYPTSP.DLL,153
CSCAPI.DLL,C:\Windows\System32\cscapi.dll,\VOLUME{01d240134ec3371c-524f8ba2}\WINDOWS\SYSTEM32\CSCAPI.DLL,172
CURRENT,C:\Users\STRATARXIS\AppData\Roaming\Atom\INDEXEDDB\FILE__0.INDEXEDDB.LEVELDB\CURRENT,\VOLUME{01d240134ec3371c-524f8ba2}\USERS\STRATARXIS\APPDATA\ROAMING\ATOM\INDEXEDDB\FILE__0.INDEXEDDB.LEVELDB\CURRENT,136
CVERSIONS.1.DB,C:\Users\STRATARXIS\AppData\Local\MICROSOFT\Windows\Caches\CVERSIONS.1.DB,\VOLUME{01d240134ec3371c-524f8ba2}\USERS\STRATARXIS\APPDATA\LOCAL\MICROSOFT\WINDOWS\CACHES\CVERSIONS.1.DB,154
CVERSIONS.2.DB,C:\PROGRAMDATA\MICROSOFT\Windows\Caches\CVERSIONS.2.DB,\VOLUME{01d240134ec3371c-524f8ba2}\PROGRAMDATA\MICROSOFT\WINDOWS\CACHES\CVERSIONS.2.DB,147
D3D11.DLL,C:\Windows\System32\d3d11.dll,\VOLUME{01d240134ec3371c-524f8ba2}\WINDOWS\SYSTEM32\D3D11.DLL,118
DATA_0,C:\Users\STRATARXIS\AppData\Roaming\Atom\GPUCache\data_0,\VOLUME{01d240134ec3371c-524f8ba2}\USERS\STRATARXIS\APPDATA\ROAMING\ATOM\GPUCACHE\DATA_0,132
DATA_1,C:\Users\STRATARXIS\AppData\Roaming\Atom\GPUCache\data_1,\VOLUME{01d240134ec3371c-524f8ba2}\USERS\STRATARXIS\APPDATA\ROAMING\ATOM\GPUCACHE\DATA_1,133
DATA_2,C:\Users\STRATARXIS\AppData\Roaming\Atom\GPUCache\data_2,\VOLUME{01d240134ec3371c-524f8ba2}\USERS\STRATARXIS\APPDATA\ROAMING\ATOM\GPUCACHE\DATA_2,134
DATA_3,C:\Users\STRATARXIS\AppData\Roaming\Atom\GPUCache\data_3,\VOLUME{01d240134ec3371c-524f8ba2}\USERS\STRATARXIS\APPDATA\ROAMING\ATOM\GPUCACHE\DATA_3,135
DATABASES.DB,C:\Users\STRATARXIS\AppData\Roaming\Atom\DATABASES\DATABASES.DB,\VOLUME{01d240134ec3371c-524f8ba2}\USERS\STRATARXIS\APPDATA\ROAMING\ATOM\DATABASES\DATABASES.DB,144
DATAEXCHANGE.DLL,C:\Windows\System32\DATAEXCHANGE.DLL,\VOLUME{01d240134ec3371c-524f8ba2}\WINDOWS\SYSTEM32\DATAEXCHANGE.DLL,117
DBGHELP.DLL,C:\Windows\System32\dbghelp.dll,\VOLUME{01d240134ec3371c-524f8ba2}\WINDOWS\SYSTEM32\DBGHELP.DLL,37
DCOMP.DLL,C:\Windows\System32\dcomp.dll,\VOLUME{01d240134ec3371c-524f8ba2}\WINDOWS\SYSTEM32\DCOMP.DLL,119
DESKTOP.INI,C:\Users\STRATARXIS\Desktop\desktop.ini,\VOLUME{01d240134ec3371c-524f8ba2}\USERS\STRATARXIS\DESKTOP\DESKTOP.INI,157
DESKTOP.INI,C:\Users\STRATARXIS\Links\desktop.ini,\VOLUME{01d240134ec3371c-524f8ba2}\USERS\STRATARXIS\LINKS\DESKTOP.INI,167
DESKTOP.INI,C:\Users\STRATARXIS\FAVORITES\desktop.ini,\VOLUME{01d240134ec3371c-524f8ba2}\USERS\STRATARXIS\FAVORITES\DESKTOP.INI,166
DESKTOP.INI,C:\Users\STRATARXIS\SAVED GAMES\desktop.ini,\VOLUME{01d240134ec3371c-524f8ba2}\USERS\STRATARXIS\SAVED GAMES\DESKTOP.INI,168
DESKTOP.INI,C:\Users\STRATARXIS\Music\desktop.ini,\VOLUME{01d240134ec3371c-524f8ba2}\USERS\STRATARXIS\MUSIC\DESKTOP.INI,159
DESKTOP.INI,C:\Users\STRATARXIS\Pictures\desktop.ini,\VOLUME{01d240134ec3371c-524f8ba2}\USERS\STRATARXIS\PICTURES\DESKTOP.INI,160
DESKTOP.INI,C:\Users\STRATARXIS\Videos\desktop.ini,\VOLUME{01d240134ec3371c-524f8ba2}\USERS\STRATARXIS\VIDEOS\DESKTOP.INI,161
DESKTOP.INI,C:\Users\STRATARXIS\Searches\desktop.ini,\VOLUME{01d240134ec3371c-524f8ba2}\USERS\STRATARXIS\SEARCHES\DESKTOP.INI,164
DESKTOP.INI,C:\Users\STRATARXIS\OneDrive\desktop.ini,\VOLUME{01d240134ec3371c-524f8ba2}\USERS\STRATARXIS\ONEDRIVE\DESKTOP.INI,163
DESKTOP.INI,C:\Users\STRATARXIS\Contacts\desktop.ini,\VOLUME{01d240134ec3371c-524f8ba2}\USERS\STRATARXIS\CONTACTS\DESKTOP.INI,165
DESKTOP.INI,C:\Users\STRATARXIS\DOWNLOADS\desktop.ini,\VOLUME{01d240134ec3371c-524f8ba2}\USERS\STRATARXIS\DOWNLOADS\DESKTOP.INI,162
DESKTOP.INI,C:\Users\STRATARXIS\DOCUMENTS\desktop.ini,\VOLUME{01d240134ec3371c-524f8ba2}\USERS\STRATARXIS\DOCUMENTS\DESKTOP.INI,158
DESKTOP.INI,C:\Users\desktop.ini,\VOLUME{01d240134ec3371c-524f8ba2}\USERS\DESKTOP.INI,156
DEVOBJ.DLL,C:\Windows\System32\devobj.dll,\VOLUME{01d240134ec3371c-524f8ba2}\WINDOWS\SYSTEM32\DEVOBJ.DLL,94
DHCPCSVC.DLL,C:\Windows\System32\dhcpcsvc.dll,\VOLUME{01d240134ec3371c-524f8ba2}\WINDOWS\SYSTEM32\DHCPCSVC.DLL,76
DHCPCSVC6.DLL,C:\Windows\System32\DHCPCSVC6.DLL,\VOLUME{01d240134ec3371c-524f8ba2}\WINDOWS\SYSTEM32\DHCPCSVC6.DLL,75
DIRECTMANIPULATION.DLL,C:\Windows\System32\DIRECTMANIPULATION.DLL,\VOLUME{01d240134ec3371c-524f8ba2}\WINDOWS\SYSTEM32\DIRECTMANIPULATION.DLL,116
DNSAPI.DLL,C:\Windows\System32\dnsapi.dll,\VOLUME{01d240134ec3371c-524f8ba2}\WINDOWS\SYSTEM32\DNSAPI.DLL,73
DWMAPI.DLL,C:\Windows\System32\dwmapi.dll,\VOLUME{01d240134ec3371c-524f8ba2}\WINDOWS\SYSTEM32\DWMAPI.DLL,43
DWRITE.DLL,C:\Windows\System32\DWrite.dll,\VOLUME{01d240134ec3371c-524f8ba2}\WINDOWS\SYSTEM32\DWRITE.DLL,48
DXGI.DLL,C:\Windows\System32\dxgi.dll,\VOLUME{01d240134ec3371c-524f8ba2}\WINDOWS\SYSTEM32\DXGI.DLL,42
ELECTRON.ASAR,C:\Users\STRATARXIS\AppData\Local\atom\APP-1.23.2\RESOURCES\ELECTRON.ASAR,\VOLUME{01d240134ec3371c-524f8ba2}\USERS\STRATARXIS\APPDATA\LOCAL\ATOM\APP-1.23.2\RESOURCES\ELECTRON.ASAR,82
EN-US.PAK,C:\Users\STRATARXIS\AppData\Local\atom\APP-1.23.2\locales\en-US.pak,\VOLUME{01d240134ec3371c-524f8ba2}\USERS\STRATARXIS\APPDATA\LOCAL\ATOM\APP-1.23.2\LOCALES\EN-US.PAK,85
FA9AB6619FA287BF.CUSTOMDESTINATIONS-MS,C:\Users\STRATARXIS\AppData\Roaming\MICROSOFT\Windows\Recent\CUSTOMDESTINATIONS\FA9AB6619FA287BF.CUSTOMDESTINATIONS-MS,\VOLUME{01d240134ec3371c-524f8ba2}\USERS\STRATARXIS\APPDATA\ROAMING\MICROSOFT\WINDOWS\RECENT\CUSTOMDESTINATIONS\FA9AB6619FA287BF.CUSTOMDESTINATIONS-MS,145
FFMPEG.DLL,C:\Users\STRATARXIS\AppData\Local\atom\APP-1.23.2\ffmpeg.dll,\VOLUME{01d240134ec3371c-524f8ba2}\USERS\STRATARXIS\APPDATA\LOCAL\ATOM\APP-1.23.2\FFMPEG.DLL,40
FILE__0.LOCALSTORAGE,C:\Users\STRATARXIS\AppData\Roaming\Atom\LOCAL STORAGE\FILE__0.LOCALSTORAGE,\VOLUME{01d240134ec3371c-524f8ba2}\USERS\STRATARXIS\APPDATA\ROAMING\ATOM\LOCAL STORAGE\FILE__0.LOCALSTORAGE,176
FLTLIB.DLL,C:\Windows\System32\fltLib.dll,\VOLUME{01d240134ec3371c-524f8ba2}\WINDOWS\SYSTEM32\FLTLIB.DLL,152
FONTSUB.DLL,C:\Windows\System32\fontsub.dll,\VOLUME{01d240134ec3371c-524f8ba2}\WINDOWS\SYSTEM32\FONTSUB.DLL,49
GDI32.DLL,C:\Windows\System32\gdi32.dll,\VOLUME{01d240134ec3371c-524f8ba2}\WINDOWS\SYSTEM32\GDI32.DLL,13
GDI32FULL.DLL,C:\Windows\System32\GDI32FULL.DLL,\VOLUME{01d240134ec3371c-524f8ba2}\WINDOWS\SYSTEM32\GDI32FULL.DLL,15
GIT.NODE,C:\Users\STRATARXIS\AppData\Local\atom\APP-1.23.2\RESOURCES\APP.ASAR.UNPACKED\NODE_MODULES\GIT-UTILS\build\Release\GIT.NODE,\VOLUME{01d240134ec3371c-524f8ba2}\USERS\STRATARXIS\APPDATA\LOCAL\ATOM\APP-1.23.2\RESOURCES\APP.ASAR.UNPACKED\NODE_MODULES\GIT-UTILS\BUILD\RELEASE\GIT.NODE,64
H4RDK8BXZ0EJ21KX78AV.TEMP,C:\USERS\STRATARXIS\APPDATA\ROAMING\MICROSOFT\WINDOWS\RECENT\CUSTOMDESTINATIONS\H4RDK8BXZ0EJ21KX78AV.TEMP,\VOLUME{01d240134ec3371c-524f8ba2}\USERS\STRATARXIS\APPDATA\ROAMING\MICROSOFT\WINDOWS\RECENT\CUSTOMDESTINATIONS\H4RDK8BXZ0EJ21KX78AV.TEMP,175
HOSTS,C:\Windows\System32\drivers\Local\atom\APP-1.23.2\VIEWS_RESOURCES_200_PERCENT.PAK,\VOLUME{01d240134ec3371c-524f8ba2}\WINDOWS\SYSTEM32\DRIVERS\ETC\HOSTS,92
ICM32.DLL,C:\Windows\System32\icm32.dll,\VOLUME{01d240134ec3371c-524f8ba2}\WINDOWS\SYSTEM32\ICM32.DLL,112
ICONCACHE.DB,C:\Users\STRATARXIS\AppData\Local\ICONCACHE.DB,\VOLUME{01d240134ec3371c-524f8ba2}\USERS\STRATARXIS\APPDATA\LOCAL\ICONCACHE.DB,178
ICUDTL.DAT,C:\Users\STRATARXIS\AppData\Local\atom\APP-1.23.2\icudtl.dat,\VOLUME{01d240134ec3371c-524f8ba2}\USERS\STRATARXIS\APPDATA\LOCAL\ATOM\APP-1.23.2\ICUDTL.DAT,65
IMM32.DLL,C:\Windows\System32\imm32.dll,\VOLUME{01d240134ec3371c-524f8ba2}\WINDOWS\SYSTEM32\IMM32.DLL,38
INDEX,C:\Users\STRATARXIS\AppData\Roaming\Atom\GPUCache\index,\VOLUME{01d240134ec3371c-524f8ba2}\USERS\STRATARXIS\APPDATA\ROAMING\ATOM\GPUCACHE\INDEX,131
IPHLPAPI.DLL,C:\Windows\System32\IPHLPAPI.DLL,\VOLUME{01d240134ec3371c-524f8ba2}\WINDOWS\SYSTEM32\IPHLPAPI.DLL,32
KERNEL.APPCORE.DLL,C:\Windows\System32\KERNEL.APPCORE.DLL,\VOLUME{01d240134ec3371c-524f8ba2}\WINDOWS\SYSTEM32\KERNEL.APPCORE.DLL,29
KERNEL32.DLL,C:\Windows\System32\kernel32.dll,\VOLUME{01d240134ec3371c-524f8ba2}\WINDOWS\SYSTEM32\KERNEL32.DLL,2
KERNELBASE.DLL,C:\Windows\System32\KERNELBASE.DLL,\VOLUME{01d240134ec3371c-524f8ba2}\WINDOWS\SYSTEM32\KERNELBASE.DLL,3
LINKINFO.DLL,C:\Windows\System32\linkinfo.dll,\VOLUME{01d240134ec3371c-524f8ba2}\WINDOWS\SYSTEM32\LINKINFO.DLL,146
LOCALE.NLS,C:\Windows\System32\locale.nls,\VOLUME{01d240134ec3371c-524f8ba2}\WINDOWS\SYSTEM32\LOCALE.NLS,4
LOG,C:\Users\STRATARXIS\AppData\Roaming\Atom\INDEXEDDB\FILE__0.INDEXEDDB.LEVELDB\LOG,\VOLUME{01d240134ec3371c-524f8ba2}\USERS\STRATARXIS\APPDATA\ROAMING\ATOM\INDEXEDDB\FILE__0.INDEXEDDB.LEVELDB\LOG,138
MANIFEST-000001,C:\Users\STRATARXIS\AppData\Roaming\Atom\INDEXEDDB\FILE__0.INDEXEDDB.LEVELDB\MANIFEST-000001,\VOLUME{01d240134ec3371c-524f8ba2}\USERS\STRATARXIS\APPDATA\ROAMING\ATOM\INDEXEDDB\FILE__0.INDEXEDDB.LEVELDB\MANIFEST-000001,137
MMDEVAPI.DLL,C:\Windows\System32\MMDevAPI.dll,\VOLUME{01d240134ec3371c-524f8ba2}\WINDOWS\SYSTEM32\MMDEVAPI.DLL,100
MSASN1.DLL,C:\Windows\System32\msasn1.dll,\VOLUME{01d240134ec3371c-524f8ba2}\WINDOWS\SYSTEM32\MSASN1.DLL,96
MSCMS.DLL,C:\Windows\System32\mscms.dll,\VOLUME{01d240134ec3371c-524f8ba2}\WINDOWS\SYSTEM32\MSCMS.DLL,108
MSCTF.DLL,C:\Windows\System32\msctf.dll,\VOLUME{01d240134ec3371c-524f8ba2}\WINDOWS\SYSTEM32\MSCTF.DLL,62
MSIMG32.DLL,C:\Windows\System32\msimg32.dll,\VOLUME{01d240134ec3371c-524f8ba2}\WINDOWS\SYSTEM32\MSIMG32.DLL,52
MSVCP110_WIN.DLL,C:\Windows\System32\MSVCP110_WIN.DLL,\VOLUME{01d240134ec3371c-524f8ba2}\WINDOWS\SYSTEM32\MSVCP110_WIN.DLL,174
MSVCP_WIN.DLL,C:\Windows\System32\MSVCP_WIN.DLL,\VOLUME{01d240134ec3371c-524f8ba2}\WINDOWS\SYSTEM32\MSVCP_WIN.DLL,18
MSVCRT.DLL,C:\Windows\System32\msvcrt.dll,\VOLUME{01d240134ec3371c-524f8ba2}\WINDOWS\SYSTEM32\MSVCRT.DLL,9
MSWSOCK.DLL,C:\Windows\System32\mswsock.dll,\VOLUME{01d240134ec3371c-524f8ba2}\WINDOWS\SYSTEM32\MSWSOCK.DLL,68
MSWSOCK.DLL.MUI,C:\Windows\System32\en-US\MSWSOCK.DLL.MUI,\VOLUME{01d240134ec3371c-524f8ba2}\WINDOWS\SYSTEM32\EN-US\MSWSOCK.DLL.MUI,69
NAPINSP.DLL,C:\Windows\System32\NapiNSP.dll,\VOLUME{01d240134ec3371c-524f8ba2}\WINDOWS\SYSTEM32\NAPINSP.DLL,78
NATIVES_BLOB.BIN,C:\Users\STRATARXIS\AppData\Local\atom\APP-1.23.2\NATIVES_BLOB.BIN,\VOLUME{01d240134ec3371c-524f8ba2}\USERS\STRATARXIS\APPDATA\LOCAL\ATOM\APP-1.23.2\NATIVES_BLOB.BIN,72
NCRYPT.DLL,C:\Windows\System32\ncrypt.dll,\VOLUME{01d240134ec3371c-524f8ba2}\WINDOWS\SYSTEM32\NCRYPT.DLL,47
NLAAPI.DLL,C:\Windows\System32\nlaapi.dll,\VOLUME{01d240134ec3371c-524f8ba2}\WINDOWS\SYSTEM32\NLAAPI.DLL,80
NODE.DLL,C:\Users\STRATARXIS\AppData\Local\atom\APP-1.23.2\node.dll,\VOLUME{01d240134ec3371c-524f8ba2}\USERS\STRATARXIS\APPDATA\LOCAL\ATOM\APP-1.23.2\NODE.DLL,8
NSFW.NODE,C:\Users\STRATARXIS\AppData\Local\atom\APP-1.23.2\RESOURCES\APP.ASAR.UNPACKED\NODE_MODULES\@atom\nsfw\build\Release\NSFW.NODE,\VOLUME{01d240134ec3371c-524f8ba2}\USERS\STRATARXIS\APPDATA\LOCAL\ATOM\APP-1.23.2\RESOURCES\APP.ASAR.UNPACKED\NODE_MODULES\@ATOM\NSFW\BUILD\RELEASE\NSFW.NODE,63
NSI.DLL,C:\Windows\System32\nsi.dll,\VOLUME{01d240134ec3371c-524f8ba2}\WINDOWS\SYSTEM32\NSI.DLL,74
NSLOG.NODE,C:\Users\STRATARXIS\AppData\Local\atom\APP-1.23.2\RESOURCES\APP.ASAR.UNPACKED\NODE_MODULES\nslog\build\Release\NSLOG.NODE,\VOLUME{01d240134ec3371c-524f8ba2}\USERS\STRATARXIS\APPDATA\LOCAL\ATOM\APP-1.23.2\RESOURCES\APP.ASAR.UNPACKED\NODE_MODULES\NSLOG\BUILD\RELEASE\NSLOG.NODE,84
NTASN1.DLL,C:\Windows\System32\ntasn1.dll,\VOLUME{01d240134ec3371c-524f8ba2}\WINDOWS\SYSTEM32\NTASN1.DLL,54
NTDLL.DLL,C:\Windows\System32\ntdll.dll,\VOLUME{01d240134ec3371c-524f8ba2}\WINDOWS\SYSTEM32\NTDLL.DLL,0
NTMARTA.DLL,C:\Windows\System32\ntmarta.dll,\VOLUME{01d240134ec3371c-524f8ba2}\WINDOWS\SYSTEM32\NTMARTA.DLL,130
NTSHRUI.DLL,C:\Windows\System32\ntshrui.dll,\VOLUME{01d240134ec3371c-524f8ba2}\WINDOWS\SYSTEM32\NTSHRUI.DLL,169
OLE32.DLL,C:\Windows\System32\ole32.dll,\VOLUME{01d240134ec3371c-524f8ba2}\WINDOWS\SYSTEM32\OLE32.DLL,34
OLEACC.DLL,C:\Windows\System32\oleacc.dll,\VOLUME{01d240134ec3371c-524f8ba2}\WINDOWS\SYSTEM32\OLEACC.DLL,53
OLEACCRC.DLL,C:\Windows\System32\oleaccrc.dll,\VOLUME{01d240134ec3371c-524f8ba2}\WINDOWS\SYSTEM32\OLEACCRC.DLL,59
OLEAUT32.DLL,C:\Windows\System32\oleaut32.dll,\VOLUME{01d240134ec3371c-524f8ba2}\WINDOWS\SYSTEM32\OLEAUT32.DLL,36
OPERATION_LOG.TXT,C:\Users\STRATARXIS\AppData\Local\Temp\ATOM CRASHES\OPERATION_LOG.TXT,\VOLUME{01d240134ec3371c-524f8ba2}\USERS\STRATARXIS\APPDATA\LOCAL\TEMP\ATOM CRASHES\OPERATION_LOG.TXT,61
P2210_VGA.ICM,C:\Windows\System32\WIN32KBASE.SYS,\VOLUME{01d240134ec3371c-524f8ba2}\WINDOWS\SYSTEM32\SPOOL\DRIVERS\COLOR\P2210_VGA.ICM,111
PDF_VIEWER_RESOURCES.PAK,C:\Users\STRATARXIS\AppData\Local\atom\APP-1.23.2\PDF_VIEWER_RESOURCES.PAK,\VOLUME{01d240134ec3371c-524f8ba2}\USERS\STRATARXIS\APPDATA\LOCAL\ATOM\APP-1.23.2\PDF_VIEWER_RESOURCES.PAK,87
PNRPNSP.DLL,C:\Windows\System32\pnrpnsp.dll,\VOLUME{01d240134ec3371c-524f8ba2}\WINDOWS\SYSTEM32\PNRPNSP.DLL,79
POLICYMANAGER.DLL,C:\Windows\System32\POLICYMANAGER.DLL,\VOLUME{01d240134ec3371c-524f8ba2}\WINDOWS\SYSTEM32\POLICYMANAGER.DLL,173
POWRPROF.DLL,C:\Windows\System32\powrprof.dll,\VOLUME{01d240134ec3371c-524f8ba2}\WINDOWS\SYSTEM32\POWRPROF.DLL,30
PREFERENCES,C:\Users\STRATARXIS\AppData\Roaming\Atom\PREFERENCES,\VOLUME{01d240134ec3371c-524f8ba2}\USERS\STRATARXIS\APPDATA\ROAMING\ATOM\PREFERENCES,106
PROFAPI.DLL,C:\Windows\System32\profapi.dll,\VOLUME{01d240134ec3371c-524f8ba2}\WINDOWS\SYSTEM32\PROFAPI.DLL,31
PROPSYS.DLL,C:\Windows\System32\propsys.dll,\VOLUME{01d240134ec3371c-524f8ba2}\WINDOWS\SYSTEM32\PROPSYS.DLL,102
PSAPI.DLL,C:\Windows\System32\psapi.dll,\VOLUME{01d240134ec3371c-524f8ba2}\WINDOWS\SYSTEM32\PSAPI.DLL,20
QUOTAMANAGER,C:\Users\STRATARXIS\AppData\Roaming\Atom\QUOTAMANAGER,\VOLUME{01d240134ec3371c-524f8ba2}\USERS\STRATARXIS\APPDATA\ROAMING\ATOM\QUOTAMANAGER,142
QUOTAMANAGER-JOURNAL,C:\Users\STRATARXIS\AppData\Roaming\Atom\QUOTAMANAGER-JOURNAL,\VOLUME{01d240134ec3371c-524f8ba2}\USERS\STRATARXIS\APPDATA\ROAMING\ATOM\QUOTAMANAGER-JOURNAL,143
R00000000000D.CLB,C:\Windows\REGISTRATION\R00000000000D.CLB,\VOLUME{01d240134ec3371c-524f8ba2}\WINDOWS\REGISTRATION\R00000000000D.CLB,104
RMCLIENT.DLL,C:\Windows\System32\rmclient.dll,\VOLUME{01d240134ec3371c-524f8ba2}\WINDOWS\SYSTEM32\RMCLIENT.DLL,121
RPCRT4.DLL,C:\Windows\System32\rpcrt4.dll,\VOLUME{01d240134ec3371c-524f8ba2}\WINDOWS\SYSTEM32\RPCRT4.DLL,14
RPCSS.DLL,C:\WINDOWS\SYSTEM32\RPCSS.DLL,\VOLUME{01d240134ec3371c-524f8ba2}\WINDOWS\SYSTEM32\RPCSS.DLL,66
SECHOST.DLL,C:\Windows\System32\sechost.dll,\VOLUME{01d240134ec3371c-524f8ba2}\WINDOWS\SYSTEM32\SECHOST.DLL,26
SEGOEUI.TTF,C:\Windows\Fonts\segoeui.ttf,\VOLUME{01d240134ec3371c-524f8ba2}\WINDOWS\FONTS\SEGOEUI.TTF,123
SEGOEUIB.TTF,C:\Windows\Fonts\segoeuib.ttf,\VOLUME{01d240134ec3371c-524f8ba2}\WINDOWS\FONTS\SEGOEUIB.TTF,124
SETUPAPI.DLL,C:\Windows\System32\setupapi.dll,\VOLUME{01d240134ec3371c-524f8ba2}\WINDOWS\SYSTEM32\SETUPAPI.DLL,93
SHCORE.DLL,C:\Windows\System32\SHCore.dll,\VOLUME{01d240134ec3371c-524f8ba2}\WINDOWS\SYSTEM32\SHCORE.DLL,19
SHELL32.DLL,C:\Windows\System32\shell32.dll,\VOLUME{01d240134ec3371c-524f8ba2}\WINDOWS\SYSTEM32\SHELL32.DLL,25
SHLWAPI.DLL,C:\Windows\System32\shlwapi.dll,\VOLUME{01d240134ec3371c-524f8ba2}\WINDOWS\SYSTEM32\SHLWAPI.DLL,22
SORTDEFAULT.NLS,C:\Windows\GLOBALIZATION\Sorting\SORTDEFAULT.NLS,\VOLUME{01d240134ec3371c-524f8ba2}\WINDOWS\GLOBALIZATION\SORTING\SORTDEFAULT.NLS,57
SRVCLI.DLL,C:\Windows\System32\srvcli.dll,\VOLUME{01d240134ec3371c-524f8ba2}\WINDOWS\SYSTEM32\SRVCLI.DLL,171
SSPICLI.DLL,C:\Windows\System32\sspicli.dll,\VOLUME{01d240134ec3371c-524f8ba2}\WINDOWS\SYSTEM32\SSPICLI.DLL,170
STATICCACHE.DAT,C:\Windows\Fonts\STATICCACHE.DAT,\VOLUME{01d240134ec3371c-524f8ba2}\WINDOWS\FONTS\STATICCACHE.DAT,179
SYSMAIN.SDB,C:\Windows\apppatch\sysmain.sdb,\VOLUME{01d240134ec3371c-524f8ba2}\WINDOWS\APPPATCH\SYSMAIN.SDB,6
TEXTINPUTFRAMEWORK.DLL,C:\Windows\System32\TEXTINPUTFRAMEWORK.DLL,\VOLUME{01d240134ec3371c-524f8ba2}\WINDOWS\SYSTEM32\TEXTINPUTFRAMEWORK.DLL,127
TWINAPI.APPCORE.DLL,C:\Windows\System32\TWINAPI.APPCORE.DLL,\VOLUME{01d240134ec3371c-524f8ba2}\WINDOWS\SYSTEM32\TWINAPI.APPCORE.DLL,120
UCRTBASE.DLL,C:\Windows\System32\ucrtbase.dll,\VOLUME{01d240134ec3371c-524f8ba2}\WINDOWS\SYSTEM32\UCRTBASE.DLL,12
UI_RESOURCES_200_PERCENT.PAK,C:\Users\STRATARXIS\AppData\Local\atom\APP-1.23.2\UI_RESOURCES_200_PERCENT.PAK,\VOLUME{01d240134ec3371c-524f8ba2}\USERS\STRATARXIS\APPDATA\LOCAL\ATOM\APP-1.23.2\UI_RESOURCES_200_PERCENT.PAK,90
UIAUTOMATIONCORE.DLL,C:\Windows\System32\UIAUTOMATIONCORE.DLL,\VOLUME{01d240134ec3371c-524f8ba2}\WINDOWS\SYSTEM32\UIAUTOMATIONCORE.DLL,41
USER32.DLL,C:\Windows\System32\user32.dll,\VOLUME{01d240134ec3371c-524f8ba2}\WINDOWS\SYSTEM32\USER32.DLL,21
USER32.DLL.MUI,C:\Windows\System32\en-US\USER32.DLL.MUI,\VOLUME{01d240134ec3371c-524f8ba2}\WINDOWS\SYSTEM32\EN-US\USER32.DLL.MUI,113
USERENV.DLL,C:\Windows\System32\userenv.dll,\VOLUME{01d240134ec3371c-524f8ba2}\WINDOWS\SYSTEM32\USERENV.DLL,33
USP10.DLL,C:\Windows\System32\usp10.dll,\VOLUME{01d240134ec3371c-524f8ba2}\WINDOWS\SYSTEM32\USP10.DLL,44
UXTHEME.DLL,C:\Windows\System32\uxtheme.dll,\VOLUME{01d240134ec3371c-524f8ba2}\WINDOWS\SYSTEM32\UXTHEME.DLL,51
VERSION.DLL,C:\Windows\System32\version.dll,\VOLUME{01d240134ec3371c-524f8ba2}\WINDOWS\SYSTEM32\VERSION.DLL,45
VIEWS_RESOURCES_200_PERCENT.PAK,C:\Users\STRATARXIS\AppData\Local\atom\APP-1.23.2\VIEWS_RESOURCES_200_PERCENT.PAK,\VOLUME{01d240134ec3371c-524f8ba2}\USERS\STRATARXIS\APPDATA\LOCAL\ATOM\APP-1.23.2\VIEWS_RESOURCES_200_PERCENT.PAK,91
WIN32KBASE.SYS,C:\WINDOWS\SYSTEM32\WIN32KBASE.SYS,\VOLUME{01d240134ec3371c-524f8ba2}\WINDOWS\SYSTEM32\WIN32KBASE.SYS,110
WIN32KFULL.SYS,C:\Windows\System32\WIN32KFULL.SYS,\VOLUME{01d240134ec3371c-524f8ba2}\WINDOWS\SYSTEM32\WIN32KFULL.SYS,109
WIN32U.DLL,C:\Windows\System32\win32u.dll,\VOLUME{01d240134ec3371c-524f8ba2}\WINDOWS\SYSTEM32\WIN32U.DLL,23
WINDOWS.STORAGE.DLL,C:\Windows\System32\WINDOWS.STORAGE.DLL,\VOLUME{01d240134ec3371c-524f8ba2}\WINDOWS\SYSTEM32\WINDOWS.STORAGE.DLL,28
WINDOWSCODECS.DLL,C:\Windows\System32\WINDOWSCODECS.DLL,\VOLUME{01d240134ec3371c-524f8ba2}\WINDOWS\SYSTEM32\WINDOWSCODECS.DLL,177
WINDOWSSHELL.MANIFEST,C:\Windows\WINDOWSSHELL.MANIFEST,\VOLUME{01d240134ec3371c-524f8ba2}\WINDOWS\WINDOWSSHELL.MANIFEST,58
WININET.DLL,C:\Windows\System32\wininet.dll,\VOLUME{01d240134ec3371c-524f8ba2}\WINDOWS\SYSTEM32\WININET.DLL,39
WINMM.DLL,C:\Windows\System32\winmm.dll,\VOLUME{01d240134ec3371c-524f8ba2}\WINDOWS\SYSTEM32\WINMM.DLL,35
WINMMBASE.DLL,C:\Windows\System32\WINMMBASE.DLL,\VOLUME{01d240134ec3371c-524f8ba2}\WINDOWS\SYSTEM32\WINMMBASE.DLL,50
WINNSI.DLL,C:\Windows\System32\winnsi.dll,\VOLUME{01d240134ec3371c-524f8ba2}\WINDOWS\SYSTEM32\WINNSI.DLL,77
WINRNR.DLL,C:\Windows\System32\winrnr.dll,\VOLUME{01d240134ec3371c-524f8ba2}\WINDOWS\SYSTEM32\WINRNR.DLL,81
WINSPOOL.DRV,C:\Windows\System32\winspool.drv,\VOLUME{01d240134ec3371c-524f8ba2}\WINDOWS\SYSTEM32\WINSPOOL.DRV,46
WINSTA.DLL,C:\Windows\System32\winsta.dll,\VOLUME{01d240134ec3371c-524f8ba2}\WINDOWS\SYSTEM32\WINSTA.DLL,115
WINTRUST.DLL,C:\Windows\System32\wintrust.dll,\VOLUME{01d240134ec3371c-524f8ba2}\WINDOWS\SYSTEM32\WINTRUST.DLL,95
WINTYPES.DLL,C:\Windows\System32\WinTypes.dll,\VOLUME{01d240134ec3371c-524f8ba2}\WINDOWS\SYSTEM32\WINTYPES.DLL,99
WS2_32.DLL,C:\Windows\System32\ws2_32.dll,\VOLUME{01d240134ec3371c-524f8ba2}\WINDOWS\SYSTEM32\WS2_32.DLL,16
WSHQOS.DLL,C:\Windows\System32\wshqos.dll,\VOLUME{01d240134ec3371c-524f8ba2}\WINDOWS\SYSTEM32\WSHQOS.DLL,70
WSHQOS.DLL.MUI,C:\Windows\System32\en-US\WSHQOS.DLL.MUI,\VOLUME{01d240134ec3371c-524f8ba2}\WINDOWS\SYSTEM32\EN-US\WSHQOS.DLL.MUI,71
WTSAPI32.DLL,C:\Windows\System32\wtsapi32.dll,\VOLUME{01d240134ec3371c-524f8ba2}\WINDOWS\SYSTEM32\WTSAPI32.DLL,114
{6AF0698E-D558-4F6E-9B3C-3716689AF493}.2.VER0X0000000000000001.DB,C:\PROGRAMDATA\MICROSOFT\Windows\Caches\{6AF0698E-D558-4F6E-9B3C-3716689AF493}.2.VER0X0000000000000001.DB,\VOLUME{01d240134ec3371c-524f8ba2}\PROGRAMDATA\MICROSOFT\WINDOWS\CACHES\{6AF0698E-D558-4F6E-9B3C-3716689AF493}.2.VER0X0000000000000001.DB,148
{AFBF9F1A-8EE8-4C77-AF34-C647E37CA0D9}.1.VER0X0000000000000008.DB,C:\Users\STRATARXIS\AppData\Local\MICROSOFT\Windows\Caches\{AFBF9F1A-8EE8-4C77-AF34-C647E37CA0D9}.1.VER0X0000000000000008.DB,\VOLUME{01d240134ec3371c-524f8ba2}\USERS\STRATARXIS\APPDATA\LOCAL\MICROSOFT\WINDOWS\CACHES\{AFBF9F1A-8EE8-4C77-AF34-C647E37CA0D9}.1.VER0X0000000000000008.DB,155
{DDF571F2-BE98-426D-8288-1A9A39C3FDA2}.2.VER0X0000000000000001.DB,C:\PROGRAMDATA\MICROSOFT\Windows\Caches\{DDF571F2-BE98-426D-8288-1A9A39C3FDA2}.2.VER0X0000000000000001.DB,\VOLUME{01d240134ec3371c-524f8ba2}\PROGRAMDATA\MICROSOFT\WINDOWS\CACHES\{DDF571F2-BE98-426D-8288-1A9A39C3FDA2}.2.VER0X0000000000000001.DB,149
~FONTCACHE-FONTFACE.DAT,C:\Windows\SERVICEPROFILES\LOCALSERVICE\AppData\Local\FONTCACHE\~FONTCACHE-FONTFACE.DAT,\VOLUME{01d240134ec3371c-524f8ba2}\WINDOWS\SERVICEPROFILES\LOCALSERVICE\APPDATA\LOCAL\FONTCACHE\~FONTCACHE-FONTFACE.DAT,122
~FONTCACHE-S-1-5-21-2261305653-3396329666-1248054534-1001.DAT,C:\Windows\SERVICEPROFILES\LOCALSERVICE\AppData\Local\FONTCACHE\~FONTCACHE-S-1-5-21-2261305653-3396329666-1248054534-1001.DAT,\VOLUME{01d240134ec3371c-524f8ba2}\WINDOWS\SERVICEPROFILES\LOCALSERVICE\APPDATA\LOCAL\FONTCACHE\~FONTCACHE-S-1-5-21-2261305653-3396329666-1248054534-1001.DAT,125
~FONTCACHE-SYSTEM.DAT,C:\Windows\SERVICEPROFILES\LOCALSERVICE\AppData\Local\FONTCACHE\~FONTCACHE-SYSTEM.DAT,\VOLUME{01d240134ec3371c-524f8ba2}\WINDOWS\SERVICEPROFILES\LOCALSERVICE\APPDATA\LOCAL\FONTCACHE\~FONTCACHE-SYSTEM.DAT,67
