$MFT,C:\Windows\Prefetch\ATOM.EXE-664A4711.PF,\VOLUME{01d240134ec3371c-524f8ba2}\$MFT,41
ACTIVEPERL-5.26.1.2601-MSWIN3-51234894.PF,C:\Windows\Prefetch\ACTIVEPERL-5.26.1.2601-MSWIN3-51234894.PF,\VOLUME{01d240134ec3371c-524f8ba2}\WINDOWS\PREFETCH\ACTIVEPERL-5.26.1.2601-MSWIN3-51234894.PF,51
ACTIVEPERL-5.26.1.2601-MSWIN3-51234894.PF.CSV,C:\Users\STRATARXIS\Desktop\loracopy\LoRa\win32\w1000\data\PREFETCH-DESKTOP-280IJO6\20180112082832\ACTIVEPERL-5.26.1.2601-MSWIN3-51234894.PF.CSV,\VOLUME{01d240134ec3371c-524f8ba2}\USERS\STRATARXIS\DESKTOP\LORACOPY\LORA\WIN32\W1000\DATA\PREFETCH-DESKTOP-280IJO6\20180112082832\ACTIVEPERL-5.26.1.2601-MSWIN3-51234894.PF.CSV,286
ACTIVEPERL-5.26.1.2601-MSWIN3-51234894.PF.CSV,C:\Users\STRATARXIS\Desktop\loracopy\LoRa\win32\w1000\data\PREFETCH-DESKTOP-280IJO6\20180112082512\ACTIVEPERL-5.26.1.2601-MSWIN3-51234894.PF.CSV,\VOLUME{01d240134ec3371c-524f8ba2}\USERS\STRATARXIS\DESKTOP\LORACOPY\LORA\WIN32\W1000\DATA\PREFETCH-DESKTOP-280IJO6\20180112082512\ACTIVEPERL-5.26.1.2601-MSWIN3-51234894.PF.CSV,287
ADVAPI32.DLL,C:\Windows\SysWOW64\advapi32.dll,\VOLUME{01d240134ec3371c-524f8ba2}\WINDOWS\SYSWOW64\ADVAPI32.DLL,31
AM_DELTA.EXE-B7261F63.PF,C:\Windows\Prefetch\AM_DELTA.EXE-B7261F63.PF,\VOLUME{01d240134ec3371c-524f8ba2}\WINDOWS\PREFETCH\AM_DELTA.EXE-B7261F63.PF,49
AM_DELTA.EXE-B7261F63.PF.CSV,C:\Users\STRATARXIS\Desktop\loracopy\LoRa\win32\w1000\data\PREFETCH-DESKTOP-280IJO6\20180112082832\AM_DELTA.EXE-B7261F63.PF.CSV,\VOLUME{01d240134ec3371c-524f8ba2}\USERS\STRATARXIS\DESKTOP\LORACOPY\LORA\WIN32\W1000\DATA\PREFETCH-DESKTOP-280IJO6\20180112082832\AM_DELTA.EXE-B7261F63.PF.CSV,50
AM_DELTA_PATCH_1.259.1363.0.E-7D314601.PF,C:\Windows\Prefetch\AM_DELTA_PATCH_1.259.1363.0.E-7D314601.PF,\VOLUME{01d240134ec3371c-524f8ba2}\WINDOWS\PREFETCH\AM_DELTA_PATCH_1.259.1363.0.E-7D314601.PF,47
AM_DELTA_PATCH_1.259.1363.0.E-7D314601.PF.CSV,C:\Users\STRATARXIS\Desktop\loracopy\LoRa\win32\w1000\data\PREFETCH-DESKTOP-280IJO6\20180112082832\AM_DELTA_PATCH_1.259.1363.0.E-7D314601.PF.CSV,\VOLUME{01d240134ec3371c-524f8ba2}\USERS\STRATARXIS\DESKTOP\LORACOPY\LORA\WIN32\W1000\DATA\PREFETCH-DESKTOP-280IJO6\20180112082832\AM_DELTA_PATCH_1.259.1363.0.E-7D314601.PF.CSV,48
APPLICATIONFRAMEHOST.EXE-CCEEF759.PF,C:\Windows\Prefetch\APPLICATIONFRAMEHOST.EXE-CCEEF759.PF,\VOLUME{01d240134ec3371c-524f8ba2}\WINDOWS\PREFETCH\APPLICATIONFRAMEHOST.EXE-CCEEF759.PF,45
APPLICATIONFRAMEHOST.EXE-CCEEF759.PF.CSV,C:\Users\STRATARXIS\Desktop\loracopy\LoRa\win32\w1000\data\PREFETCH-DESKTOP-280IJO6\20180112082832\APPLICATIONFRAMEHOST.EXE-CCEEF759.PF.CSV,\VOLUME{01d240134ec3371c-524f8ba2}\USERS\STRATARXIS\DESKTOP\LORACOPY\LORA\WIN32\W1000\DATA\PREFETCH-DESKTOP-280IJO6\20180112082832\APPLICATIONFRAMEHOST.EXE-CCEEF759.PF.CSV,46
ATIECLXX.EXE-48B31DFA.PF,C:\Windows\Prefetch\ATIECLXX.EXE-48B31DFA.PF,\VOLUME{01d240134ec3371c-524f8ba2}\WINDOWS\PREFETCH\ATIECLXX.EXE-48B31DFA.PF,43
ATIECLXX.EXE-48B31DFA.PF.CSV,C:\Users\STRATARXIS\Desktop\loracopy\LoRa\win32\w1000\data\PREFETCH-DESKTOP-280IJO6\20180112082832\ATIECLXX.EXE-48B31DFA.PF.CSV,\VOLUME{01d240134ec3371c-524f8ba2}\USERS\STRATARXIS\DESKTOP\LORACOPY\LORA\WIN32\W1000\DATA\PREFETCH-DESKTOP-280IJO6\20180112082832\ATIECLXX.EXE-48B31DFA.PF.CSV,44
ATOM.EXE-664A4711.PF,C:\Windows\Prefetch\ATOM.EXE-664A4711.PF,\VOLUME{01d240134ec3371c-524f8ba2}\WINDOWS\PREFETCH\ATOM.EXE-664A4711.PF,40
ATOM.EXE-664A4711.PF.CSV,C:\Users\STRATARXIS\Desktop\loracopy\LoRa\win32\w1000\data\PREFETCH-DESKTOP-280IJO6\20180112082832\ATOM.EXE-664A4711.PF.CSV,\VOLUME{01d240134ec3371c-524f8ba2}\USERS\STRATARXIS\DESKTOP\LORACOPY\LORA\WIN32\W1000\DATA\PREFETCH-DESKTOP-280IJO6\20180112082832\ATOM.EXE-664A4711.PF.CSV,42
ATOM.EXE-664A4712.PF,C:\Windows\Prefetch\ATOM.EXE-664A4712.PF,\VOLUME{01d240134ec3371c-524f8ba2}\WINDOWS\PREFETCH\ATOM.EXE-664A4712.PF,52
ATOM.EXE-664A4713.PF,C:\Windows\Prefetch\ATOM.EXE-664A4713.PF,\VOLUME{01d240134ec3371c-524f8ba2}\WINDOWS\PREFETCH\ATOM.EXE-664A4713.PF,53
ATOM.EXE-721DDFE6.PF,C:\Windows\Prefetch\ATOM.EXE-721DDFE6.PF,\VOLUME{01d240134ec3371c-524f8ba2}\WINDOWS\PREFETCH\ATOM.EXE-721DDFE6.PF,54
ATOM.EXE-74437674.PF,C:\Windows\Prefetch\ATOM.EXE-74437674.PF,\VOLUME{01d240134ec3371c-524f8ba2}\WINDOWS\PREFETCH\ATOM.EXE-74437674.PF,55
ATOM.EXE-74437675.PF,C:\Windows\Prefetch\ATOM.EXE-74437675.PF,\VOLUME{01d240134ec3371c-524f8ba2}\WINDOWS\PREFETCH\ATOM.EXE-74437675.PF,56
ATOM.EXE-74437676.PF,C:\Windows\Prefetch\ATOM.EXE-74437676.PF,\VOLUME{01d240134ec3371c-524f8ba2}\WINDOWS\PREFETCH\ATOM.EXE-74437676.PF,57
ATOM.EXE-823CA5D7.PF,C:\Windows\Prefetch\ATOM.EXE-823CA5D7.PF,\VOLUME{01d240134ec3371c-524f8ba2}\WINDOWS\PREFETCH\ATOM.EXE-823CA5D7.PF,58
ATOM.EXE-823CA5D9.PF,C:\Windows\Prefetch\ATOM.EXE-823CA5D9.PF,\VOLUME{01d240134ec3371c-524f8ba2}\WINDOWS\PREFETCH\ATOM.EXE-823CA5D9.PF,59
ATOM.EXE-9035D53A.PF,C:\Windows\Prefetch\ATOM.EXE-9035D53A.PF,\VOLUME{01d240134ec3371c-524f8ba2}\WINDOWS\PREFETCH\ATOM.EXE-9035D53A.PF,60
ATOM.EXE-CCC90A0A.PF,C:\Windows\Prefetch\ATOM.EXE-CCC90A0A.PF,\VOLUME{01d240134ec3371c-524f8ba2}\WINDOWS\PREFETCH\ATOM.EXE-CCC90A0A.PF,61
ATTRIB.EXE-73917FEA.PF,C:\Windows\Prefetch\ATTRIB.EXE-73917FEA.PF,\VOLUME{01d240134ec3371c-524f8ba2}\WINDOWS\PREFETCH\ATTRIB.EXE-73917FEA.PF,62
BACKGROUNDTASKHOST.EXE-47A701FF.PF,C:\Windows\Prefetch\BACKGROUNDTASKHOST.EXE-47A701FF.PF,\VOLUME{01d240134ec3371c-524f8ba2}\WINDOWS\PREFETCH\BACKGROUNDTASKHOST.EXE-47A701FF.PF,63
BACKGROUNDTASKHOST.EXE-BD5D5DB4.PF,C:\Windows\Prefetch\BACKGROUNDTASKHOST.EXE-BD5D5DB4.PF,\VOLUME{01d240134ec3371c-524f8ba2}\WINDOWS\PREFETCH\BACKGROUNDTASKHOST.EXE-BD5D5DB4.PF,64
BASH.EXE-19B18FA1.PF,C:\Windows\Prefetch\BASH.EXE-19B18FA1.PF,\VOLUME{01d240134ec3371c-524f8ba2}\WINDOWS\PREFETCH\BASH.EXE-19B18FA1.PF,65
BASH.EXE-3BB92EAF.PF,C:\Windows\Prefetch\BASH.EXE-3BB92EAF.PF,\VOLUME{01d240134ec3371c-524f8ba2}\WINDOWS\PREFETCH\BASH.EXE-3BB92EAF.PF,66
BCASTDVR.EXE-82355E7D.PF,C:\Windows\Prefetch\BCASTDVR.EXE-82355E7D.PF,\VOLUME{01d240134ec3371c-524f8ba2}\WINDOWS\PREFETCH\BCASTDVR.EXE-82355E7D.PF,67
BCRYPTPRIMITIVES.DLL,C:\Windows\SysWOW64\BCRYPTPRIMITIVES.DLL,\VOLUME{01d240134ec3371c-524f8ba2}\WINDOWS\SYSWOW64\BCRYPTPRIMITIVES.DLL,23
BROWSER_BROKER.EXE-E6357BB0.PF,C:\Windows\Prefetch\BROWSER_BROKER.EXE-E6357BB0.PF,\VOLUME{01d240134ec3371c-524f8ba2}\WINDOWS\PREFETCH\BROWSER_BROKER.EXE-E6357BB0.PF,68
CAT.EXE-3041221B.PF,C:\Windows\Prefetch\CAT.EXE-3041221B.PF,\VOLUME{01d240134ec3371c-524f8ba2}\WINDOWS\PREFETCH\CAT.EXE-3041221B.PF,69
CFGMGR32.DLL,C:\Windows\SysWOW64\cfgmgr32.dll,\VOLUME{01d240134ec3371c-524f8ba2}\WINDOWS\SYSWOW64\CFGMGR32.DLL,29
CHMOD.EXE-D8BA621A.PF,C:\Windows\Prefetch\CHMOD.EXE-D8BA621A.PF,\VOLUME{01d240134ec3371c-524f8ba2}\WINDOWS\PREFETCH\CHMOD.EXE-D8BA621A.PF,70
CHXSMARTSCREEN.EXE-53E7BF87.PF,C:\Windows\Prefetch\CHXSMARTSCREEN.EXE-53E7BF87.PF,\VOLUME{01d240134ec3371c-524f8ba2}\WINDOWS\PREFETCH\CHXSMARTSCREEN.EXE-53E7BF87.PF,71
CL.EXE-EEF2CAEC.PF,C:\Windows\Prefetch\CL.EXE-EEF2CAEC.PF,\VOLUME{01d240134ec3371c-524f8ba2}\WINDOWS\PREFETCH\CL.EXE-EEF2CAEC.PF,72
CMD.EXE-4A81B364.PF,C:\Windows\Prefetch\CMD.EXE-4A81B364.PF,\VOLUME{01d240134ec3371c-524f8ba2}\WINDOWS\PREFETCH\CMD.EXE-4A81B364.PF,73
CMD.EXE-AC113AA8.PF,C:\Windows\Prefetch\CMD.EXE-AC113AA8.PF,\VOLUME{01d240134ec3371c-524f8ba2}\WINDOWS\PREFETCH\CMD.EXE-AC113AA8.PF,74
COMBASE.DLL,C:\Windows\SysWOW64\combase.dll,\VOLUME{01d240134ec3371c-524f8ba2}\WINDOWS\SYSWOW64\COMBASE.DLL,14
COMCTL32.DLL,C:\Windows\WinSxS\X86_MICROSOFT.WINDOWS.COMMON-CONTROLS_6595B64144CCF1DF_6.0.16299.98_NONE_144040DB3691EC4E\comctl32.dll,\VOLUME{01d240134ec3371c-524f8ba2}\WINDOWS\WINSXS\X86_MICROSOFT.WINDOWS.COMMON-CONTROLS_6595B64144CCF1DF_6.0.16299.98_NONE_144040DB3691EC4E\COMCTL32.DLL,13
COMDLG32.DLL,C:\Windows\SysWOW64\comdlg32.dll,\VOLUME{01d240134ec3371c-524f8ba2}\WINDOWS\SYSWOW64\COMDLG32.DLL,11
COMPATTELRUNNER.EXE-DB97728F.PF,C:\Windows\Prefetch\COMPATTELRUNNER.EXE-DB97728F.PF,\VOLUME{01d240134ec3371c-524f8ba2}\WINDOWS\PREFETCH\COMPATTELRUNNER.EXE-DB97728F.PF,75
CONHOST.EXE-1F3E9D7E.PF,C:\Windows\Prefetch\CONHOST.EXE-1F3E9D7E.PF,\VOLUME{01d240134ec3371c-524f8ba2}\WINDOWS\PREFETCH\CONHOST.EXE-1F3E9D7E.PF,76
CONSENT.EXE-531BD9EA.PF,C:\Windows\Prefetch\CONSENT.EXE-531BD9EA.PF,\VOLUME{01d240134ec3371c-524f8ba2}\WINDOWS\PREFETCH\CONSENT.EXE-531BD9EA.PF,77
CONTROL.EXE-817F8F1D.PF,C:\Windows\Prefetch\CONTROL.EXE-817F8F1D.PF,\VOLUME{01d240134ec3371c-524f8ba2}\WINDOWS\PREFETCH\CONTROL.EXE-817F8F1D.PF,78
CP.EXE-50C58E9A.PF,C:\Windows\Prefetch\CP.EXE-50C58E9A.PF,\VOLUME{01d240134ec3371c-524f8ba2}\WINDOWS\PREFETCH\CP.EXE-50C58E9A.PF,79
CRYPTBASE.DLL,C:\Windows\SysWOW64\CRYPTBASE.DLL,\VOLUME{01d240134ec3371c-524f8ba2}\WINDOWS\SYSWOW64\CRYPTBASE.DLL,21
CSRSS.EXE-3FE41F7E.PF,C:\Windows\Prefetch\CSRSS.EXE-3FE41F7E.PF,\VOLUME{01d240134ec3371c-524f8ba2}\WINDOWS\PREFETCH\CSRSS.EXE-3FE41F7E.PF,80
CTFMON.EXE-9450846B.PF,C:\Windows\Prefetch\CTFMON.EXE-9450846B.PF,\VOLUME{01d240134ec3371c-524f8ba2}\WINDOWS\PREFETCH\CTFMON.EXE-9450846B.PF,81
CUT.EXE-9962FA9D.PF,C:\Windows\Prefetch\CUT.EXE-9962FA9D.PF,\VOLUME{01d240134ec3371c-524f8ba2}\WINDOWS\PREFETCH\CUT.EXE-9962FA9D.PF,82
CYGWIN-CONSOLE-HELPER.EXE-1A4D7B9F.PF,C:\Windows\Prefetch\CYGWIN-CONSOLE-HELPER.EXE-1A4D7B9F.PF,\VOLUME{01d240134ec3371c-524f8ba2}\WINDOWS\PREFETCH\CYGWIN-CONSOLE-HELPER.EXE-1A4D7B9F.PF,83
DASH.EXE-C6FB347B.PF,C:\Windows\Prefetch\DASH.EXE-C6FB347B.PF,\VOLUME{01d240134ec3371c-524f8ba2}\WINDOWS\PREFETCH\DASH.EXE-C6FB347B.PF,84
DATAEXCHANGEHOST.EXE-BE987727.PF,C:\Windows\Prefetch\DATAEXCHANGEHOST.EXE-BE987727.PF,\VOLUME{01d240134ec3371c-524f8ba2}\WINDOWS\PREFETCH\DATAEXCHANGEHOST.EXE-BE987727.PF,85
DEFRAG.EXE-588F90AD.PF,C:\Windows\Prefetch\DEFRAG.EXE-588F90AD.PF,\VOLUME{01d240134ec3371c-524f8ba2}\WINDOWS\PREFETCH\DEFRAG.EXE-588F90AD.PF,86
DIRNAME.EXE-75925F4B.PF,C:\Windows\Prefetch\DIRNAME.EXE-75925F4B.PF,\VOLUME{01d240134ec3371c-524f8ba2}\WINDOWS\PREFETCH\DIRNAME.EXE-75925F4B.PF,87
DLLHOST.EXE-02C8B80F.PF,C:\Windows\Prefetch\DLLHOST.EXE-02C8B80F.PF,\VOLUME{01d240134ec3371c-524f8ba2}\WINDOWS\PREFETCH\DLLHOST.EXE-02C8B80F.PF,88
DLLHOST.EXE-0AD6AC16.PF,C:\Windows\Prefetch\DLLHOST.EXE-0AD6AC16.PF,\VOLUME{01d240134ec3371c-524f8ba2}\WINDOWS\PREFETCH\DLLHOST.EXE-0AD6AC16.PF,89
DLLHOST.EXE-1EA744B6.PF,C:\Windows\Prefetch\DLLHOST.EXE-1EA744B6.PF,\VOLUME{01d240134ec3371c-524f8ba2}\WINDOWS\PREFETCH\DLLHOST.EXE-1EA744B6.PF,90
DLLHOST.EXE-23C0FE44.PF,C:\Windows\Prefetch\DLLHOST.EXE-23C0FE44.PF,\VOLUME{01d240134ec3371c-524f8ba2}\WINDOWS\PREFETCH\DLLHOST.EXE-23C0FE44.PF,91
DLLHOST.EXE-2E884D3E.PF,C:\Windows\Prefetch\DLLHOST.EXE-2E884D3E.PF,\VOLUME{01d240134ec3371c-524f8ba2}\WINDOWS\PREFETCH\DLLHOST.EXE-2E884D3E.PF,92
DLLHOST.EXE-41467C2F.PF,C:\Windows\Prefetch\DLLHOST.EXE-41467C2F.PF,\VOLUME{01d240134ec3371c-524f8ba2}\WINDOWS\PREFETCH\DLLHOST.EXE-41467C2F.PF,93
DLLHOST.EXE-5A984E5F.PF,C:\Windows\Prefetch\DLLHOST.EXE-5A984E5F.PF,\VOLUME{01d240134ec3371c-524f8ba2}\WINDOWS\PREFETCH\DLLHOST.EXE-5A984E5F.PF,94
DLLHOST.EXE-6834844E.PF,C:\Windows\Prefetch\DLLHOST.EXE-6834844E.PF,\VOLUME{01d240134ec3371c-524f8ba2}\WINDOWS\PREFETCH\DLLHOST.EXE-6834844E.PF,95
DLLHOST.EXE-88F23425.PF,C:\Windows\Prefetch\DLLHOST.EXE-88F23425.PF,\VOLUME{01d240134ec3371c-524f8ba2}\WINDOWS\PREFETCH\DLLHOST.EXE-88F23425.PF,96
DLLHOST.EXE-9037274D.PF,C:\Windows\Prefetch\DLLHOST.EXE-9037274D.PF,\VOLUME{01d240134ec3371c-524f8ba2}\WINDOWS\PREFETCH\DLLHOST.EXE-9037274D.PF,97
DLLHOST.EXE-9C376A75.PF,C:\Windows\Prefetch\DLLHOST.EXE-9C376A75.PF,\VOLUME{01d240134ec3371c-524f8ba2}\WINDOWS\PREFETCH\DLLHOST.EXE-9C376A75.PF,98
DLLHOST.EXE-A853C612.PF,C:\Windows\Prefetch\DLLHOST.EXE-A853C612.PF,\VOLUME{01d240134ec3371c-524f8ba2}\WINDOWS\PREFETCH\DLLHOST.EXE-A853C612.PF,99
DLLHOST.EXE-B43976F9.PF,C:\Windows\Prefetch\DLLHOST.EXE-B43976F9.PF,\VOLUME{01d240134ec3371c-524f8ba2}\WINDOWS\PREFETCH\DLLHOST.EXE-B43976F9.PF,100
DLLHOST.EXE-E43273AF.PF,C:\Windows\Prefetch\DLLHOST.EXE-E43273AF.PF,\VOLUME{01d240134ec3371c-524f8ba2}\WINDOWS\PREFETCH\DLLHOST.EXE-E43273AF.PF,101
DLLHOST.EXE-E4DB4546.PF,C:\Windows\Prefetch\DLLHOST.EXE-E4DB4546.PF,\VOLUME{01d240134ec3371c-524f8ba2}\WINDOWS\PREFETCH\DLLHOST.EXE-E4DB4546.PF,102
DWM.EXE-6FFD3DA8.PF,C:\Windows\Prefetch\DWM.EXE-6FFD3DA8.PF,\VOLUME{01d240134ec3371c-524f8ba2}\WINDOWS\PREFETCH\DWM.EXE-6FFD3DA8.PF,103
EXPLORER.EXE-A80E4F97.PF,C:\Windows\Prefetch\EXPLORER.EXE-A80E4F97.PF,\VOLUME{01d240134ec3371c-524f8ba2}\WINDOWS\PREFETCH\EXPLORER.EXE-A80E4F97.PF,104
FONTDRVHOST.EXE-31E45F6D.PF,C:\Windows\Prefetch\FONTDRVHOST.EXE-31E45F6D.PF,\VOLUME{01d240134ec3371c-524f8ba2}\WINDOWS\PREFETCH\FONTDRVHOST.EXE-31E45F6D.PF,105
GAMEBARPRESENCEWRITER.EXE-B764B0F5.PF,C:\Windows\Prefetch\GAMEBARPRESENCEWRITER.EXE-B764B0F5.PF,\VOLUME{01d240134ec3371c-524f8ba2}\WINDOWS\PREFETCH\GAMEBARPRESENCEWRITER.EXE-B764B0F5.PF,106
GAMEPANEL.EXE-301023FA.PF,C:\Windows\Prefetch\GAMEPANEL.EXE-301023FA.PF,\VOLUME{01d240134ec3371c-524f8ba2}\WINDOWS\PREFETCH\GAMEPANEL.EXE-301023FA.PF,107
GDI32.DLL,C:\Windows\SysWOW64\gdi32.dll,\VOLUME{01d240134ec3371c-524f8ba2}\WINDOWS\SYSWOW64\GDI32.DLL,15
GDI32FULL.DLL,C:\Windows\SysWOW64\GDI32FULL.DLL,\VOLUME{01d240134ec3371c-524f8ba2}\WINDOWS\SYSWOW64\GDI32FULL.DLL,17
GIT-2.15.1.2-64-BIT (1).TMP-651DCBA1.PF,C:\Windows\Prefetch\GIT-2.15.1.2-64-BIT (1).TMP-651DCBA1.PF,\VOLUME{01d240134ec3371c-524f8ba2}\WINDOWS\PREFETCH\GIT-2.15.1.2-64-BIT (1).TMP-651DCBA1.PF,108
GIT-2.15.1.2-64-BIT.TMP-2703E96D.PF,C:\Windows\Prefetch\GIT-2.15.1.2-64-BIT.TMP-2703E96D.PF,\VOLUME{01d240134ec3371c-524f8ba2}\WINDOWS\PREFETCH\GIT-2.15.1.2-64-BIT.TMP-2703E96D.PF,109
GIT-BASH.EXE-1362D75D.PF,C:\Windows\Prefetch\GIT-BASH.EXE-1362D75D.PF,\VOLUME{01d240134ec3371c-524f8ba2}\WINDOWS\PREFETCH\GIT-BASH.EXE-1362D75D.PF,110
GIT-CREDENTIAL-MANAGER.EXE-BD6E26F4.PF,C:\Windows\Prefetch\GIT-CREDENTIAL-MANAGER.EXE-BD6E26F4.PF,\VOLUME{01d240134ec3371c-524f8ba2}\WINDOWS\PREFETCH\GIT-CREDENTIAL-MANAGER.EXE-BD6E26F4.PF,111
GIT-REMOTE-HTTPS.EXE-7750AC41.PF,C:\Windows\Prefetch\GIT-REMOTE-HTTPS.EXE-7750AC41.PF,\VOLUME{01d240134ec3371c-524f8ba2}\WINDOWS\PREFETCH\GIT-REMOTE-HTTPS.EXE-7750AC41.PF,112
GIT.EXE-113CB0AA.PF,C:\Windows\Prefetch\GIT.EXE-113CB0AA.PF,\VOLUME{01d240134ec3371c-524f8ba2}\WINDOWS\PREFETCH\GIT.EXE-113CB0AA.PF,113
GIT.EXE-15DD6956.PF,C:\Windows\Prefetch\GIT.EXE-15DD6956.PF,\VOLUME{01d240134ec3371c-524f8ba2}\WINDOWS\PREFETCH\GIT.EXE-15DD6956.PF,114
GIT.EXE-7CFA7B57.PF,C:\Windows\Prefetch\GIT.EXE-7CFA7B57.PF,\VOLUME{01d240134ec3371c-524f8ba2}\WINDOWS\PREFETCH\GIT.EXE-7CFA7B57.PF,115
GIT.EXE-85B79844.PF,C:\Windows\Prefetch\GIT.EXE-85B79844.PF,\VOLUME{01d240134ec3371c-524f8ba2}\WINDOWS\PREFETCH\GIT.EXE-85B79844.PF,116
GIT.EXE-C6DDAA85.PF,C:\Windows\Prefetch\GIT.EXE-C6DDAA85.PF,\VOLUME{01d240134ec3371c-524f8ba2}\WINDOWS\PREFETCH\GIT.EXE-C6DDAA85.PF,117
GIT.EXE-E460383B.PF,C:\Windows\Prefetch\GIT.EXE-E460383B.PF,\VOLUME{01d240134ec3371c-524f8ba2}\WINDOWS\PREFETCH\GIT.EXE-E460383B.PF,118
GLOBAL-PREFETCH.CSV,C:\Users\STRATARXIS\Desktop\loracopy\LoRa\win32\w1000\data\PREFETCH-DESKTOP-280IJO6\20180112082832\Main\GLOBAL-PREFETCH.CSV,\VOLUME{01d240134ec3371c-524f8ba2}\USERS\STRATARXIS\DESKTOP\LORACOPY\LORA\WIN32\W1000\DATA\PREFETCH-DESKTOP-280IJO6\20180112082832\MAIN\GLOBAL-PREFETCH.CSV,285
GREP.EXE-EA4DD119.PF,C:\Windows\Prefetch\GREP.EXE-EA4DD119.PF,\VOLUME{01d240134ec3371c-524f8ba2}\WINDOWS\PREFETCH\GREP.EXE-EA4DD119.PF,119
GZIP.EXE-88140FB5.PF,C:\Windows\Prefetch\GZIP.EXE-88140FB5.PF,\VOLUME{01d240134ec3371c-524f8ba2}\WINDOWS\PREFETCH\GZIP.EXE-88140FB5.PF,120
HOSTNAME.EXE-6849A65C.PF,C:\Windows\Prefetch\HOSTNAME.EXE-6849A65C.PF,\VOLUME{01d240134ec3371c-524f8ba2}\WINDOWS\PREFETCH\HOSTNAME.EXE-6849A65C.PF,121
IEXPLORE.EXE-4B6C9215.PF,C:\Windows\Prefetch\IEXPLORE.EXE-4B6C9215.PF,\VOLUME{01d240134ec3371c-524f8ba2}\WINDOWS\PREFETCH\IEXPLORE.EXE-4B6C9215.PF,122
IEXPLORE.EXE-908C99F8.PF,C:\Windows\Prefetch\IEXPLORE.EXE-908C99F8.PF,\VOLUME{01d240134ec3371c-524f8ba2}\WINDOWS\PREFETCH\IEXPLORE.EXE-908C99F8.PF,123
IMM32.DLL,C:\Windows\SysWOW64\imm32.dll,\VOLUME{01d240134ec3371c-524f8ba2}\WINDOWS\SYSWOW64\IMM32.DLL,37
INSTALL-INFO.EXE-EA15EF63.PF,C:\Windows\Prefetch\INSTALL-INFO.EXE-EA15EF63.PF,\VOLUME{01d240134ec3371c-524f8ba2}\WINDOWS\PREFETCH\INSTALL-INFO.EXE-EA15EF63.PF,124
IS-BJ1UM.TMP-A0E72B5B.PF,C:\Windows\Prefetch\IS-BJ1UM.TMP-A0E72B5B.PF,\VOLUME{01d240134ec3371c-524f8ba2}\WINDOWS\PREFETCH\IS-BJ1UM.TMP-A0E72B5B.PF,125
KERNEL.APPCORE.DLL,C:\Windows\SysWOW64\KERNEL.APPCORE.DLL,\VOLUME{01d240134ec3371c-524f8ba2}\WINDOWS\SYSWOW64\KERNEL.APPCORE.DLL,32
KERNEL32.DLL,C:\Windows\SysWOW64\kernel32.dll,\VOLUME{01d240134ec3371c-524f8ba2}\WINDOWS\SYSWOW64\KERNEL32.DLL,4
KERNEL32.DLL,C:\Windows\System32\kernel32.dll,\VOLUME{01d240134ec3371c-524f8ba2}\WINDOWS\SYSTEM32\KERNEL32.DLL,3
KERNELBASE.DLL,C:\Windows\SysWOW64\KERNELBASE.DLL,\VOLUME{01d240134ec3371c-524f8ba2}\WINDOWS\SYSWOW64\KERNELBASE.DLL,8
LN.EXE-BB2014B5.PF,C:\Windows\Prefetch\LN.EXE-BB2014B5.PF,\VOLUME{01d240134ec3371c-524f8ba2}\WINDOWS\PREFETCH\LN.EXE-BB2014B5.PF,126
LOCALE.EXE-229BBB19.PF,C:\Windows\Prefetch\LOCALE.EXE-229BBB19.PF,\VOLUME{01d240134ec3371c-524f8ba2}\WINDOWS\PREFETCH\LOCALE.EXE-229BBB19.PF,127
LOCALE.NLS,C:\Windows\System32\locale.nls,\VOLUME{01d240134ec3371c-524f8ba2}\WINDOWS\SYSTEM32\LOCALE.NLS,9
LOCKAPP.EXE-E61E86B6.PF,C:\Windows\Prefetch\LOCKAPP.EXE-E61E86B6.PF,\VOLUME{01d240134ec3371c-524f8ba2}\WINDOWS\PREFETCH\LOCKAPP.EXE-E61E86B6.PF,128
LOGONUI.EXE-09140401.PF,C:\Windows\Prefetch\LOGONUI.EXE-09140401.PF,\VOLUME{01d240134ec3371c-524f8ba2}\WINDOWS\PREFETCH\LOGONUI.EXE-09140401.PF,129
MAKE-3.81.EXE-9DF45461.PF,C:\Windows\Prefetch\MAKE-3.81.EXE-9DF45461.PF,\VOLUME{01d240134ec3371c-524f8ba2}\WINDOWS\PREFETCH\MAKE-3.81.EXE-9DF45461.PF,130
MAKE.EXE-FBC5BB41.PF,C:\Windows\Prefetch\MAKE.EXE-FBC5BB41.PF,\VOLUME{01d240134ec3371c-524f8ba2}\WINDOWS\PREFETCH\MAKE.EXE-FBC5BB41.PF,131
MICROSOFT.PHOTOS.EXE-EFEA0177.PF,C:\Windows\Prefetch\MICROSOFT.PHOTOS.EXE-EFEA0177.PF,\VOLUME{01d240134ec3371c-524f8ba2}\WINDOWS\PREFETCH\MICROSOFT.PHOTOS.EXE-EFEA0177.PF,132
MICROSOFTEDGE.EXE-8A6AC511.PF,C:\Windows\Prefetch\MICROSOFTEDGE.EXE-8A6AC511.PF,\VOLUME{01d240134ec3371c-524f8ba2}\WINDOWS\PREFETCH\MICROSOFTEDGE.EXE-8A6AC511.PF,133
MICROSOFTEDGECP.EXE-BC10DA5B.PF,C:\Windows\Prefetch\MICROSOFTEDGECP.EXE-BC10DA5B.PF,\VOLUME{01d240134ec3371c-524f8ba2}\WINDOWS\PREFETCH\MICROSOFTEDGECP.EXE-BC10DA5B.PF,134
MICROSOFTPDFREADER.EXE-C04280F3.PF,C:\Windows\Prefetch\MICROSOFTPDFREADER.EXE-C04280F3.PF,\VOLUME{01d240134ec3371c-524f8ba2}\WINDOWS\PREFETCH\MICROSOFTPDFREADER.EXE-C04280F3.PF,135
MINTTY.EXE-827D9E42.PF,C:\Windows\Prefetch\MINTTY.EXE-827D9E42.PF,\VOLUME{01d240134ec3371c-524f8ba2}\WINDOWS\PREFETCH\MINTTY.EXE-827D9E42.PF,136
MKDIR.EXE-EBCB354E.PF,C:\Windows\Prefetch\MKDIR.EXE-EBCB354E.PF,\VOLUME{01d240134ec3371c-524f8ba2}\WINDOWS\PREFETCH\MKDIR.EXE-EBCB354E.PF,137
MOBSYNC.EXE-C5E2284F.PF,C:\Windows\Prefetch\MOBSYNC.EXE-C5E2284F.PF,\VOLUME{01d240134ec3371c-524f8ba2}\WINDOWS\PREFETCH\MOBSYNC.EXE-C5E2284F.PF,138
MPAM-CE4FA2A7.EXE-310195CD.PF,C:\Windows\Prefetch\MPAM-CE4FA2A7.EXE-310195CD.PF,\VOLUME{01d240134ec3371c-524f8ba2}\WINDOWS\PREFETCH\MPAM-CE4FA2A7.EXE-310195CD.PF,139
MPAM-FFA34505.EXE-9EB133C2.PF,C:\Windows\Prefetch\MPAM-FFA34505.EXE-9EB133C2.PF,\VOLUME{01d240134ec3371c-524f8ba2}\WINDOWS\PREFETCH\MPAM-FFA34505.EXE-9EB133C2.PF,140
MPCMDRUN.EXE-5C9D6889.PF,C:\Windows\Prefetch\MPCMDRUN.EXE-5C9D6889.PF,\VOLUME{01d240134ec3371c-524f8ba2}\WINDOWS\PREFETCH\MPCMDRUN.EXE-5C9D6889.PF,141
MPENGINE.EXE-F1D867B7.PF,C:\Windows\Prefetch\MPENGINE.EXE-F1D867B7.PF,\VOLUME{01d240134ec3371c-524f8ba2}\WINDOWS\PREFETCH\MPENGINE.EXE-F1D867B7.PF,142
MPSIGSTUB.EXE-2E8586C7.PF,C:\Windows\Prefetch\MPSIGSTUB.EXE-2E8586C7.PF,\VOLUME{01d240134ec3371c-524f8ba2}\WINDOWS\PREFETCH\MPSIGSTUB.EXE-2E8586C7.PF,143
MPSIGSTUB.EXE-5C288429.PF,C:\Windows\Prefetch\MPSIGSTUB.EXE-5C288429.PF,\VOLUME{01d240134ec3371c-524f8ba2}\WINDOWS\PREFETCH\MPSIGSTUB.EXE-5C288429.PF,144
MPSIGSTUB.EXE-6CB27A06.PF,C:\Windows\Prefetch\MPSIGSTUB.EXE-6CB27A06.PF,\VOLUME{01d240134ec3371c-524f8ba2}\WINDOWS\PREFETCH\MPSIGSTUB.EXE-6CB27A06.PF,145
MRT-KB890830.EXE-D40E71AD.PF,C:\Windows\Prefetch\MRT-KB890830.EXE-D40E71AD.PF,\VOLUME{01d240134ec3371c-524f8ba2}\WINDOWS\PREFETCH\MRT-KB890830.EXE-D40E71AD.PF,146
MSASCUIL.EXE-B411EDE3.PF,C:\Windows\Prefetch\MSASCUIL.EXE-B411EDE3.PF,\VOLUME{01d240134ec3371c-524f8ba2}\WINDOWS\PREFETCH\MSASCUIL.EXE-B411EDE3.PF,147
MSCORSVW.EXE-57D17DAF.PF,C:\Windows\Prefetch\MSCORSVW.EXE-57D17DAF.PF,\VOLUME{01d240134ec3371c-524f8ba2}\WINDOWS\PREFETCH\MSCORSVW.EXE-57D17DAF.PF,148
MSCORSVW.EXE-C3C515BD.PF,C:\Windows\Prefetch\MSCORSVW.EXE-C3C515BD.PF,\VOLUME{01d240134ec3371c-524f8ba2}\WINDOWS\PREFETCH\MSCORSVW.EXE-C3C515BD.PF,149
MSIEXEC.EXE-A2D55CB6.PF,C:\Windows\Prefetch\MSIEXEC.EXE-A2D55CB6.PF,\VOLUME{01d240134ec3371c-524f8ba2}\WINDOWS\PREFETCH\MSIEXEC.EXE-A2D55CB6.PF,150
MSPAINT.EXE-76E10B24.PF,C:\Windows\Prefetch\MSPAINT.EXE-76E10B24.PF,\VOLUME{01d240134ec3371c-524f8ba2}\WINDOWS\PREFETCH\MSPAINT.EXE-76E10B24.PF,151
MSVCP_WIN.DLL,C:\Windows\SysWOW64\MSVCP_WIN.DLL,\VOLUME{01d240134ec3371c-524f8ba2}\WINDOWS\SYSWOW64\MSVCP_WIN.DLL,19
MSVCRT.DLL,C:\Windows\SysWOW64\msvcrt.dll,\VOLUME{01d240134ec3371c-524f8ba2}\WINDOWS\SYSWOW64\MSVCRT.DLL,12
MUSNOTIFICATIONUX.EXE-48FFD505.PF,C:\Windows\Prefetch\MUSNOTIFICATIONUX.EXE-48FFD505.PF,\VOLUME{01d240134ec3371c-524f8ba2}\WINDOWS\PREFETCH\MUSNOTIFICATIONUX.EXE-48FFD505.PF,152
MV.EXE-BB405A1A.PF,C:\Windows\Prefetch\MV.EXE-BB405A1A.PF,\VOLUME{01d240134ec3371c-524f8ba2}\WINDOWS\PREFETCH\MV.EXE-BB405A1A.PF,153
NANO.EXE-D78EEF3D.PF,C:\Windows\Prefetch\NANO.EXE-D78EEF3D.PF,\VOLUME{01d240134ec3371c-524f8ba2}\WINDOWS\PREFETCH\NANO.EXE-D78EEF3D.PF,154
NASM-2.13.02-INSTALLER-X64.EX-B8D2E4FF.PF,C:\Windows\Prefetch\NASM-2.13.02-INSTALLER-X64.EX-B8D2E4FF.PF,\VOLUME{01d240134ec3371c-524f8ba2}\WINDOWS\PREFETCH\NASM-2.13.02-INSTALLER-X64.EX-B8D2E4FF.PF,155
NGEN.EXE-AE594A6B.PF,C:\Windows\Prefetch\NGEN.EXE-AE594A6B.PF,\VOLUME{01d240134ec3371c-524f8ba2}\WINDOWS\PREFETCH\NGEN.EXE-AE594A6B.PF,156
NGEN.EXE-EC3F9239.PF,C:\Windows\Prefetch\NGEN.EXE-EC3F9239.PF,\VOLUME{01d240134ec3371c-524f8ba2}\WINDOWS\PREFETCH\NGEN.EXE-EC3F9239.PF,157
NGENTASK.EXE-4F8BD802.PF,C:\Windows\Prefetch\NGENTASK.EXE-4F8BD802.PF,\VOLUME{01d240134ec3371c-524f8ba2}\WINDOWS\PREFETCH\NGENTASK.EXE-4F8BD802.PF,158
NGENTASK.EXE-BB7F7010.PF,C:\Windows\Prefetch\NGENTASK.EXE-BB7F7010.PF,\VOLUME{01d240134ec3371c-524f8ba2}\WINDOWS\PREFETCH\NGENTASK.EXE-BB7F7010.PF,159
NODE.EXE-05280E64.PF,C:\Windows\Prefetch\NODE.EXE-05280E64.PF,\VOLUME{01d240134ec3371c-524f8ba2}\WINDOWS\PREFETCH\NODE.EXE-05280E64.PF,160
NODE.EXE-F579E511.PF,C:\Windows\Prefetch\NODE.EXE-F579E511.PF,\VOLUME{01d240134ec3371c-524f8ba2}\WINDOWS\PREFETCH\NODE.EXE-F579E511.PF,161
NOTEPAD.EXE-D8414F97.PF,C:\Windows\Prefetch\NOTEPAD.EXE-D8414F97.PF,\VOLUME{01d240134ec3371c-524f8ba2}\WINDOWS\PREFETCH\NOTEPAD.EXE-D8414F97.PF,162
NTDLL.DLL,C:\Windows\System32\ntdll.dll,\VOLUME{01d240134ec3371c-524f8ba2}\WINDOWS\SYSTEM32\NTDLL.DLL,0
NTDLL.DLL,C:\Windows\SysWOW64\ntdll.dll,\VOLUME{01d240134ec3371c-524f8ba2}\WINDOWS\SYSWOW64\NTDLL.DLL,7
OLE32.DLL,C:\Windows\SysWOW64\ole32.dll,\VOLUME{01d240134ec3371c-524f8ba2}\WINDOWS\SYSWOW64\OLE32.DLL,35
OLEAUT32.DLL,C:\Windows\SysWOW64\oleaut32.dll,\VOLUME{01d240134ec3371c-524f8ba2}\WINDOWS\SYSWOW64\OLEAUT32.DLL,39
ONEDRIVE.EXE-959440B6.PF,C:\Windows\Prefetch\ONEDRIVE.EXE-959440B6.PF,\VOLUME{01d240134ec3371c-524f8ba2}\WINDOWS\PREFETCH\ONEDRIVE.EXE-959440B6.PF,163
OP-EXPLORER.EXE-A80E4F97-000000F5.PF,C:\Windows\Prefetch\OP-EXPLORER.EXE-A80E4F97-000000F5.PF,\VOLUME{01d240134ec3371c-524f8ba2}\WINDOWS\PREFETCH\OP-EXPLORER.EXE-A80E4F97-000000F5.PF,164
OP-SEARCHUI.EXE-5FAA26D1-00000001.PF,C:\Windows\Prefetch\OP-SEARCHUI.EXE-5FAA26D1-00000001.PF,\VOLUME{01d240134ec3371c-524f8ba2}\WINDOWS\PREFETCH\OP-SEARCHUI.EXE-5FAA26D1-00000001.PF,165
OPENWITH.EXE-5C93E816.PF,C:\Windows\Prefetch\OPENWITH.EXE-5C93E816.PF,\VOLUME{01d240134ec3371c-524f8ba2}\WINDOWS\PREFETCH\OPENWITH.EXE-5C93E816.PF,166
P11-KIT.EXE-38A826E6.PF,C:\Windows\Prefetch\P11-KIT.EXE-38A826E6.PF,\VOLUME{01d240134ec3371c-524f8ba2}\WINDOWS\PREFETCH\P11-KIT.EXE-38A826E6.PF,167
PICKERHOST.EXE-B8A68B3C.PF,C:\Windows\Prefetch\PICKERHOST.EXE-B8A68B3C.PF,\VOLUME{01d240134ec3371c-524f8ba2}\WINDOWS\PREFETCH\PICKERHOST.EXE-B8A68B3C.PF,168
PIP.EXE-0E42E013.PF,C:\Windows\Prefetch\PIP.EXE-0E42E013.PF,\VOLUME{01d240134ec3371c-524f8ba2}\WINDOWS\PREFETCH\PIP.EXE-0E42E013.PF,169
POWERSHELL.EXE-920BBA2A.PF,C:\Windows\Prefetch\POWERSHELL.EXE-920BBA2A.PF,\VOLUME{01d240134ec3371c-524f8ba2}\WINDOWS\PREFETCH\POWERSHELL.EXE-920BBA2A.PF,170
POWRPROF.DLL,C:\Windows\SysWOW64\powrprof.dll,\VOLUME{01d240134ec3371c-524f8ba2}\WINDOWS\SYSWOW64\POWRPROF.DLL,33
PRINTDIALOG.EXE-45A38D3C.PF,C:\Windows\Prefetch\PRINTDIALOG.EXE-45A38D3C.PF,\VOLUME{01d240134ec3371c-524f8ba2}\WINDOWS\PREFETCH\PRINTDIALOG.EXE-45A38D3C.PF,171
PRINTFILTERPIPELINESVC.EXE-1565F6A1.PF,C:\Windows\Prefetch\PRINTFILTERPIPELINESVC.EXE-1565F6A1.PF,\VOLUME{01d240134ec3371c-524f8ba2}\WINDOWS\PREFETCH\PRINTFILTERPIPELINESVC.EXE-1565F6A1.PF,172
PROFAPI.DLL,C:\Windows\SysWOW64\profapi.dll,\VOLUME{01d240134ec3371c-524f8ba2}\WINDOWS\SYSWOW64\PROFAPI.DLL,34
PYTHON.EXE-C663CFDC.PF,C:\Windows\Prefetch\PYTHON.EXE-C663CFDC.PF,\VOLUME{01d240134ec3371c-524f8ba2}\WINDOWS\PREFETCH\PYTHON.EXE-C663CFDC.PF,173
REG.EXE-E7E8BD26.PF,C:\Windows\Prefetch\REG.EXE-E7E8BD26.PF,\VOLUME{01d240134ec3371c-524f8ba2}\WINDOWS\PREFETCH\REG.EXE-E7E8BD26.PF,174
RPCRT4.DLL,C:\Windows\SysWOW64\rpcrt4.dll,\VOLUME{01d240134ec3371c-524f8ba2}\WINDOWS\SYSWOW64\RPCRT4.DLL,18
RUNDLL32.EXE-081B5A6F.PF,C:\Windows\Prefetch\RUNDLL32.EXE-081B5A6F.PF,\VOLUME{01d240134ec3371c-524f8ba2}\WINDOWS\PREFETCH\RUNDLL32.EXE-081B5A6F.PF,175
RUNDLL32.EXE-23EA2E5B.PF,C:\Windows\Prefetch\RUNDLL32.EXE-23EA2E5B.PF,\VOLUME{01d240134ec3371c-524f8ba2}\WINDOWS\PREFETCH\RUNDLL32.EXE-23EA2E5B.PF,176
RUNDLL32.EXE-467448AC.PF,C:\Windows\Prefetch\RUNDLL32.EXE-467448AC.PF,\VOLUME{01d240134ec3371c-524f8ba2}\WINDOWS\PREFETCH\RUNDLL32.EXE-467448AC.PF,177
RUNDLL32.EXE-63F2C164.PF,C:\Windows\Prefetch\RUNDLL32.EXE-63F2C164.PF,\VOLUME{01d240134ec3371c-524f8ba2}\WINDOWS\PREFETCH\RUNDLL32.EXE-63F2C164.PF,178
RUNDLL32.EXE-67D45B52.PF,C:\Windows\Prefetch\RUNDLL32.EXE-67D45B52.PF,\VOLUME{01d240134ec3371c-524f8ba2}\WINDOWS\PREFETCH\RUNDLL32.EXE-67D45B52.PF,179
RUNDLL32.EXE-B216811E.PF,C:\Windows\Prefetch\RUNDLL32.EXE-B216811E.PF,\VOLUME{01d240134ec3371c-524f8ba2}\WINDOWS\PREFETCH\RUNDLL32.EXE-B216811E.PF,180
RUNDLL32.EXE-ED95E4BB.PF,C:\Windows\Prefetch\RUNDLL32.EXE-ED95E4BB.PF,\VOLUME{01d240134ec3371c-524f8ba2}\WINDOWS\PREFETCH\RUNDLL32.EXE-ED95E4BB.PF,181
RUNTIMEBROKER.EXE-0FB39E8B.PF,C:\Windows\Prefetch\RUNTIMEBROKER.EXE-0FB39E8B.PF,\VOLUME{01d240134ec3371c-524f8ba2}\WINDOWS\PREFETCH\RUNTIMEBROKER.EXE-0FB39E8B.PF,182
RUNTIMEBROKER.EXE-102F4954.PF,C:\Windows\Prefetch\RUNTIMEBROKER.EXE-102F4954.PF,\VOLUME{01d240134ec3371c-524f8ba2}\WINDOWS\PREFETCH\RUNTIMEBROKER.EXE-102F4954.PF,183
RUNTIMEBROKER.EXE-1AA7ECA1.PF,C:\Windows\Prefetch\RUNTIMEBROKER.EXE-1AA7ECA1.PF,\VOLUME{01d240134ec3371c-524f8ba2}\WINDOWS\PREFETCH\RUNTIMEBROKER.EXE-1AA7ECA1.PF,184
RUNTIMEBROKER.EXE-4759BC1F.PF,C:\Windows\Prefetch\RUNTIMEBROKER.EXE-4759BC1F.PF,\VOLUME{01d240134ec3371c-524f8ba2}\WINDOWS\PREFETCH\RUNTIMEBROKER.EXE-4759BC1F.PF,185
RUNTIMEBROKER.EXE-5450E57F.PF,C:\Windows\Prefetch\RUNTIMEBROKER.EXE-5450E57F.PF,\VOLUME{01d240134ec3371c-524f8ba2}\WINDOWS\PREFETCH\RUNTIMEBROKER.EXE-5450E57F.PF,186
RUNTIMEBROKER.EXE-6D853EBD.PF,C:\Windows\Prefetch\RUNTIMEBROKER.EXE-6D853EBD.PF,\VOLUME{01d240134ec3371c-524f8ba2}\WINDOWS\PREFETCH\RUNTIMEBROKER.EXE-6D853EBD.PF,187
RUNTIMEBROKER.EXE-6D8AD0AB.PF,C:\Windows\Prefetch\RUNTIMEBROKER.EXE-6D8AD0AB.PF,\VOLUME{01d240134ec3371c-524f8ba2}\WINDOWS\PREFETCH\RUNTIMEBROKER.EXE-6D8AD0AB.PF,188
RUNTIMEBROKER.EXE-72C0C855.PF,C:\Windows\Prefetch\RUNTIMEBROKER.EXE-72C0C855.PF,\VOLUME{01d240134ec3371c-524f8ba2}\WINDOWS\PREFETCH\RUNTIMEBROKER.EXE-72C0C855.PF,189
RUNTIMEBROKER.EXE-7A697783.PF,C:\Windows\Prefetch\RUNTIMEBROKER.EXE-7A697783.PF,\VOLUME{01d240134ec3371c-524f8ba2}\WINDOWS\PREFETCH\RUNTIMEBROKER.EXE-7A697783.PF,190
RUNTIMEBROKER.EXE-9A78ED9F.PF,C:\Windows\Prefetch\RUNTIMEBROKER.EXE-9A78ED9F.PF,\VOLUME{01d240134ec3371c-524f8ba2}\WINDOWS\PREFETCH\RUNTIMEBROKER.EXE-9A78ED9F.PF,191
RUNTIMEBROKER.EXE-9EBBF35B.PF,C:\Windows\Prefetch\RUNTIMEBROKER.EXE-9EBBF35B.PF,\VOLUME{01d240134ec3371c-524f8ba2}\WINDOWS\PREFETCH\RUNTIMEBROKER.EXE-9EBBF35B.PF,192
RUNTIMEBROKER.EXE-A64EB68A.PF,C:\Windows\Prefetch\RUNTIMEBROKER.EXE-A64EB68A.PF,\VOLUME{01d240134ec3371c-524f8ba2}\WINDOWS\PREFETCH\RUNTIMEBROKER.EXE-A64EB68A.PF,193
RUNTIMEBROKER.EXE-B5809651.PF,C:\Windows\Prefetch\RUNTIMEBROKER.EXE-B5809651.PF,\VOLUME{01d240134ec3371c-524f8ba2}\WINDOWS\PREFETCH\RUNTIMEBROKER.EXE-B5809651.PF,194
RUNTIMEBROKER.EXE-C6B96610.PF,C:\Windows\Prefetch\RUNTIMEBROKER.EXE-C6B96610.PF,\VOLUME{01d240134ec3371c-524f8ba2}\WINDOWS\PREFETCH\RUNTIMEBROKER.EXE-C6B96610.PF,195
RUNTIMEBROKER.EXE-DD6A9D3E.PF,C:\Windows\Prefetch\RUNTIMEBROKER.EXE-DD6A9D3E.PF,\VOLUME{01d240134ec3371c-524f8ba2}\WINDOWS\PREFETCH\RUNTIMEBROKER.EXE-DD6A9D3E.PF,196
RUNTIMEBROKER.EXE-E3819947.PF,C:\Windows\Prefetch\RUNTIMEBROKER.EXE-E3819947.PF,\VOLUME{01d240134ec3371c-524f8ba2}\WINDOWS\PREFETCH\RUNTIMEBROKER.EXE-E3819947.PF,197
SEARCHFILTERHOST.EXE-77482212.PF,C:\Windows\Prefetch\SEARCHFILTERHOST.EXE-77482212.PF,\VOLUME{01d240134ec3371c-524f8ba2}\WINDOWS\PREFETCH\SEARCHFILTERHOST.EXE-77482212.PF,198
SEARCHPROTOCOLHOST.EXE-0CB8CADE.PF,C:\Windows\Prefetch\SEARCHPROTOCOLHOST.EXE-0CB8CADE.PF,\VOLUME{01d240134ec3371c-524f8ba2}\WINDOWS\PREFETCH\SEARCHPROTOCOLHOST.EXE-0CB8CADE.PF,199
SEARCHUI.EXE-87624C1B.PF,C:\Windows\Prefetch\SEARCHUI.EXE-87624C1B.PF,\VOLUME{01d240134ec3371c-524f8ba2}\WINDOWS\PREFETCH\SEARCHUI.EXE-87624C1B.PF,200
SECHEALTHUI.EXE-E3ECC6D1.PF,C:\Windows\Prefetch\SECHEALTHUI.EXE-E3ECC6D1.PF,\VOLUME{01d240134ec3371c-524f8ba2}\WINDOWS\PREFETCH\SECHEALTHUI.EXE-E3ECC6D1.PF,201
SECHOST.DLL,C:\Windows\SysWOW64\sechost.dll,\VOLUME{01d240134ec3371c-524f8ba2}\WINDOWS\SYSWOW64\SECHOST.DLL,25
SED.EXE-A0A8320F.PF,C:\Windows\Prefetch\SED.EXE-A0A8320F.PF,\VOLUME{01d240134ec3371c-524f8ba2}\WINDOWS\PREFETCH\SED.EXE-A0A8320F.PF,202
SETUP-X86_64.EXE-A8D9EDB9.PF,C:\Windows\Prefetch\SETUP-X86_64.EXE-A8D9EDB9.PF,\VOLUME{01d240134ec3371c-524f8ba2}\WINDOWS\PREFETCH\SETUP-X86_64.EXE-A8D9EDB9.PF,203
SH.EXE-0D3ECE42.PF,C:\Windows\Prefetch\SH.EXE-0D3ECE42.PF,\VOLUME{01d240134ec3371c-524f8ba2}\WINDOWS\PREFETCH\SH.EXE-0D3ECE42.PF,204
SH.EXE-A2EF2E30.PF,C:\Windows\Prefetch\SH.EXE-A2EF2E30.PF,\VOLUME{01d240134ec3371c-524f8ba2}\WINDOWS\PREFETCH\SH.EXE-A2EF2E30.PF,205
SHCORE.DLL,C:\Windows\SysWOW64\SHCore.dll,\VOLUME{01d240134ec3371c-524f8ba2}\WINDOWS\SYSWOW64\SHCORE.DLL,26
SHELL32.DLL,C:\Windows\SysWOW64\shell32.dll,\VOLUME{01d240134ec3371c-524f8ba2}\WINDOWS\SYSWOW64\SHELL32.DLL,28
SHELLEXPERIENCEHOST.EXE-F5B43AEA.PF,C:\Windows\Prefetch\SHELLEXPERIENCEHOST.EXE-F5B43AEA.PF,\VOLUME{01d240134ec3371c-524f8ba2}\WINDOWS\PREFETCH\SHELLEXPERIENCEHOST.EXE-F5B43AEA.PF,206
SHLWAPI.DLL,C:\Windows\SysWOW64\shlwapi.dll,\VOLUME{01d240134ec3371c-524f8ba2}\WINDOWS\SYSWOW64\SHLWAPI.DLL,27
SIHOST.EXE-2C4C53BA.PF,C:\Windows\Prefetch\SIHOST.EXE-2C4C53BA.PF,\VOLUME{01d240134ec3371c-524f8ba2}\WINDOWS\PREFETCH\SIHOST.EXE-2C4C53BA.PF,207
SLUI.EXE-724E99D9.PF,C:\Windows\Prefetch\SLUI.EXE-724E99D9.PF,\VOLUME{01d240134ec3371c-524f8ba2}\WINDOWS\PREFETCH\SLUI.EXE-724E99D9.PF,208
SMARTSCREEN.EXE-9B5E4173.PF,C:\Windows\Prefetch\SMARTSCREEN.EXE-9B5E4173.PF,\VOLUME{01d240134ec3371c-524f8ba2}\WINDOWS\PREFETCH\SMARTSCREEN.EXE-9B5E4173.PF,209
SMSS.EXE-E9C28FC6.PF,C:\Windows\Prefetch\SMSS.EXE-E9C28FC6.PF,\VOLUME{01d240134ec3371c-524f8ba2}\WINDOWS\PREFETCH\SMSS.EXE-E9C28FC6.PF,210
SPLWOW64.EXE-297C4568.PF,C:\Windows\Prefetch\SPLWOW64.EXE-297C4568.PF,\VOLUME{01d240134ec3371c-524f8ba2}\WINDOWS\PREFETCH\SPLWOW64.EXE-297C4568.PF,211
SPPEXTCOMOBJ.EXE-BB03B3D6.PF,C:\Windows\Prefetch\SPPEXTCOMOBJ.EXE-BB03B3D6.PF,\VOLUME{01d240134ec3371c-524f8ba2}\WINDOWS\PREFETCH\SPPEXTCOMOBJ.EXE-BB03B3D6.PF,212
SPPSVC.EXE-B0F8131B.PF,C:\Windows\Prefetch\SPPSVC.EXE-B0F8131B.PF,\VOLUME{01d240134ec3371c-524f8ba2}\WINDOWS\PREFETCH\SPPSVC.EXE-B0F8131B.PF,213
SQUIRREL.EXE-2719E687.PF,C:\Windows\Prefetch\SQUIRREL.EXE-2719E687.PF,\VOLUME{01d240134ec3371c-524f8ba2}\WINDOWS\PREFETCH\SQUIRREL.EXE-2719E687.PF,214
SRTASKS.EXE-4F77756F.PF,C:\Windows\Prefetch\SRTASKS.EXE-4F77756F.PF,\VOLUME{01d240134ec3371c-524f8ba2}\WINDOWS\PREFETCH\SRTASKS.EXE-4F77756F.PF,215
SSPICLI.DLL,C:\Windows\SysWOW64\sspicli.dll,\VOLUME{01d240134ec3371c-524f8ba2}\WINDOWS\SYSWOW64\SSPICLI.DLL,20
STRITZ.EXE-446A6E36.PF,C:\Windows\Prefetch\STRITZ.EXE-446A6E36.PF,\VOLUME{01d240134ec3371c-524f8ba2}\WINDOWS\PREFETCH\STRITZ.EXE-446A6E36.PF,216
STRITZ.EXE-7A85BA94.PF,C:\Windows\Prefetch\STRITZ.EXE-7A85BA94.PF,\VOLUME{01d240134ec3371c-524f8ba2}\WINDOWS\PREFETCH\STRITZ.EXE-7A85BA94.PF,217
SVCHOST.EXE-085497F6.PF,C:\Windows\Prefetch\SVCHOST.EXE-085497F6.PF,\VOLUME{01d240134ec3371c-524f8ba2}\WINDOWS\PREFETCH\SVCHOST.EXE-085497F6.PF,218
SVCHOST.EXE-0C2D202C.PF,C:\Windows\Prefetch\SVCHOST.EXE-0C2D202C.PF,\VOLUME{01d240134ec3371c-524f8ba2}\WINDOWS\PREFETCH\SVCHOST.EXE-0C2D202C.PF,219
SVCHOST.EXE-1B4710FF.PF,C:\Windows\Prefetch\SVCHOST.EXE-1B4710FF.PF,\VOLUME{01d240134ec3371c-524f8ba2}\WINDOWS\PREFETCH\SVCHOST.EXE-1B4710FF.PF,220
SVCHOST.EXE-24568AC4.PF,C:\Windows\Prefetch\SVCHOST.EXE-24568AC4.PF,\VOLUME{01d240134ec3371c-524f8ba2}\WINDOWS\PREFETCH\SVCHOST.EXE-24568AC4.PF,221
SVCHOST.EXE-262D494C.PF,C:\Windows\Prefetch\SVCHOST.EXE-262D494C.PF,\VOLUME{01d240134ec3371c-524f8ba2}\WINDOWS\PREFETCH\SVCHOST.EXE-262D494C.PF,222
SVCHOST.EXE-2946E4E1.PF,C:\Windows\Prefetch\SVCHOST.EXE-2946E4E1.PF,\VOLUME{01d240134ec3371c-524f8ba2}\WINDOWS\PREFETCH\SVCHOST.EXE-2946E4E1.PF,223
SVCHOST.EXE-2C8F9E34.PF,C:\Windows\Prefetch\SVCHOST.EXE-2C8F9E34.PF,\VOLUME{01d240134ec3371c-524f8ba2}\WINDOWS\PREFETCH\SVCHOST.EXE-2C8F9E34.PF,224
SVCHOST.EXE-2E4E3AC7.PF,C:\Windows\Prefetch\SVCHOST.EXE-2E4E3AC7.PF,\VOLUME{01d240134ec3371c-524f8ba2}\WINDOWS\PREFETCH\SVCHOST.EXE-2E4E3AC7.PF,225
SVCHOST.EXE-3CDB056E.PF,C:\Windows\Prefetch\SVCHOST.EXE-3CDB056E.PF,\VOLUME{01d240134ec3371c-524f8ba2}\WINDOWS\PREFETCH\SVCHOST.EXE-3CDB056E.PF,226
SVCHOST.EXE-5023C57F.PF,C:\Windows\Prefetch\SVCHOST.EXE-5023C57F.PF,\VOLUME{01d240134ec3371c-524f8ba2}\WINDOWS\PREFETCH\SVCHOST.EXE-5023C57F.PF,227
SVCHOST.EXE-5E731DE3.PF,C:\Windows\Prefetch\SVCHOST.EXE-5E731DE3.PF,\VOLUME{01d240134ec3371c-524f8ba2}\WINDOWS\PREFETCH\SVCHOST.EXE-5E731DE3.PF,228
SVCHOST.EXE-6579E144.PF,C:\Windows\Prefetch\SVCHOST.EXE-6579E144.PF,\VOLUME{01d240134ec3371c-524f8ba2}\WINDOWS\PREFETCH\SVCHOST.EXE-6579E144.PF,229
SVCHOST.EXE-6BF4AC12.PF,C:\Windows\Prefetch\SVCHOST.EXE-6BF4AC12.PF,\VOLUME{01d240134ec3371c-524f8ba2}\WINDOWS\PREFETCH\SVCHOST.EXE-6BF4AC12.PF,230
SVCHOST.EXE-6C6A977A.PF,C:\Windows\Prefetch\SVCHOST.EXE-6C6A977A.PF,\VOLUME{01d240134ec3371c-524f8ba2}\WINDOWS\PREFETCH\SVCHOST.EXE-6C6A977A.PF,231
SVCHOST.EXE-6CAF587C.PF,C:\Windows\Prefetch\SVCHOST.EXE-6CAF587C.PF,\VOLUME{01d240134ec3371c-524f8ba2}\WINDOWS\PREFETCH\SVCHOST.EXE-6CAF587C.PF,232
SVCHOST.EXE-7B41F868.PF,C:\Windows\Prefetch\SVCHOST.EXE-7B41F868.PF,\VOLUME{01d240134ec3371c-524f8ba2}\WINDOWS\PREFETCH\SVCHOST.EXE-7B41F868.PF,233
SVCHOST.EXE-7D248B6A.PF,C:\Windows\Prefetch\SVCHOST.EXE-7D248B6A.PF,\VOLUME{01d240134ec3371c-524f8ba2}\WINDOWS\PREFETCH\SVCHOST.EXE-7D248B6A.PF,234
SVCHOST.EXE-7F879A40.PF,C:\Windows\Prefetch\SVCHOST.EXE-7F879A40.PF,\VOLUME{01d240134ec3371c-524f8ba2}\WINDOWS\PREFETCH\SVCHOST.EXE-7F879A40.PF,235
SVCHOST.EXE-86AA6B35.PF,C:\Windows\Prefetch\SVCHOST.EXE-86AA6B35.PF,\VOLUME{01d240134ec3371c-524f8ba2}\WINDOWS\PREFETCH\SVCHOST.EXE-86AA6B35.PF,236
SVCHOST.EXE-8D87DCC8.PF,C:\Windows\Prefetch\SVCHOST.EXE-8D87DCC8.PF,\VOLUME{01d240134ec3371c-524f8ba2}\WINDOWS\PREFETCH\SVCHOST.EXE-8D87DCC8.PF,237
SVCHOST.EXE-8F83B24E.PF,C:\Windows\Prefetch\SVCHOST.EXE-8F83B24E.PF,\VOLUME{01d240134ec3371c-524f8ba2}\WINDOWS\PREFETCH\SVCHOST.EXE-8F83B24E.PF,238
SVCHOST.EXE-92EB2457.PF,C:\Windows\Prefetch\SVCHOST.EXE-92EB2457.PF,\VOLUME{01d240134ec3371c-524f8ba2}\WINDOWS\PREFETCH\SVCHOST.EXE-92EB2457.PF,239
SVCHOST.EXE-97CD69B8.PF,C:\Windows\Prefetch\SVCHOST.EXE-97CD69B8.PF,\VOLUME{01d240134ec3371c-524f8ba2}\WINDOWS\PREFETCH\SVCHOST.EXE-97CD69B8.PF,240
SVCHOST.EXE-98090C0A.PF,C:\Windows\Prefetch\SVCHOST.EXE-98090C0A.PF,\VOLUME{01d240134ec3371c-524f8ba2}\WINDOWS\PREFETCH\SVCHOST.EXE-98090C0A.PF,241
SVCHOST.EXE-AFDE613F.PF,C:\Windows\Prefetch\SVCHOST.EXE-AFDE613F.PF,\VOLUME{01d240134ec3371c-524f8ba2}\WINDOWS\PREFETCH\SVCHOST.EXE-AFDE613F.PF,242
SVCHOST.EXE-B864E975.PF,C:\Windows\Prefetch\SVCHOST.EXE-B864E975.PF,\VOLUME{01d240134ec3371c-524f8ba2}\WINDOWS\PREFETCH\SVCHOST.EXE-B864E975.PF,243
SVCHOST.EXE-BA748B25.PF,C:\Windows\Prefetch\SVCHOST.EXE-BA748B25.PF,\VOLUME{01d240134ec3371c-524f8ba2}\WINDOWS\PREFETCH\SVCHOST.EXE-BA748B25.PF,244
SVCHOST.EXE-D145D2FB.PF,C:\Windows\Prefetch\SVCHOST.EXE-D145D2FB.PF,\VOLUME{01d240134ec3371c-524f8ba2}\WINDOWS\PREFETCH\SVCHOST.EXE-D145D2FB.PF,245
SVCHOST.EXE-EBA34E64.PF,C:\Windows\Prefetch\SVCHOST.EXE-EBA34E64.PF,\VOLUME{01d240134ec3371c-524f8ba2}\WINDOWS\PREFETCH\SVCHOST.EXE-EBA34E64.PF,246
SVCHOST.EXE-EC5FBC7F.PF,C:\Windows\Prefetch\SVCHOST.EXE-EC5FBC7F.PF,\VOLUME{01d240134ec3371c-524f8ba2}\WINDOWS\PREFETCH\SVCHOST.EXE-EC5FBC7F.PF,247
SYSTEMPROPERTIESADVANCED.EXE-68C7C4F0.PF,C:\Windows\Prefetch\SYSTEMPROPERTIESADVANCED.EXE-68C7C4F0.PF,\VOLUME{01d240134ec3371c-524f8ba2}\WINDOWS\PREFETCH\SYSTEMPROPERTIESADVANCED.EXE-68C7C4F0.PF,248
SYSTEMSETTINGS.EXE-2F464A5B.PF,C:\Windows\Prefetch\SYSTEMSETTINGS.EXE-2F464A5B.PF,\VOLUME{01d240134ec3371c-524f8ba2}\WINDOWS\PREFETCH\SYSTEMSETTINGS.EXE-2F464A5B.PF,249
SYSTEMSETTINGSBROKER.EXE-CBC37DFF.PF,C:\Windows\Prefetch\SYSTEMSETTINGSBROKER.EXE-CBC37DFF.PF,\VOLUME{01d240134ec3371c-524f8ba2}\WINDOWS\PREFETCH\SYSTEMSETTINGSBROKER.EXE-CBC37DFF.PF,250
TASKHOSTW.EXE-3E0B74C8.PF,C:\Windows\Prefetch\TASKHOSTW.EXE-3E0B74C8.PF,\VOLUME{01d240134ec3371c-524f8ba2}\WINDOWS\PREFETCH\TASKHOSTW.EXE-3E0B74C8.PF,251
TEST.EXE-1D4B565B.PF,C:\Windows\Prefetch\TEST.EXE-1D4B565B.PF,\VOLUME{01d240134ec3371c-524f8ba2}\WINDOWS\PREFETCH\TEST.EXE-1D4B565B.PF,252
TIWORKER.EXE-985FC4F2.PF,C:\Windows\Prefetch\TIWORKER.EXE-985FC4F2.PF,\VOLUME{01d240134ec3371c-524f8ba2}\WINDOWS\PREFETCH\TIWORKER.EXE-985FC4F2.PF,253
TOUCH.EXE-99300F2A.PF,C:\Windows\Prefetch\TOUCH.EXE-99300F2A.PF,\VOLUME{01d240134ec3371c-524f8ba2}\WINDOWS\PREFETCH\TOUCH.EXE-99300F2A.PF,254
TR.EXE-340A88B1.PF,C:\Windows\Prefetch\TR.EXE-340A88B1.PF,\VOLUME{01d240134ec3371c-524f8ba2}\WINDOWS\PREFETCH\TR.EXE-340A88B1.PF,255
TRUST.EXE-5C4A587D.PF,C:\Windows\Prefetch\TRUST.EXE-5C4A587D.PF,\VOLUME{01d240134ec3371c-524f8ba2}\WINDOWS\PREFETCH\TRUST.EXE-5C4A587D.PF,256
TRUSTEDINSTALLER.EXE-3CC531E5.PF,C:\Windows\Prefetch\TRUSTEDINSTALLER.EXE-3CC531E5.PF,\VOLUME{01d240134ec3371c-524f8ba2}\WINDOWS\PREFETCH\TRUSTEDINSTALLER.EXE-3CC531E5.PF,257
UCRTBASE.DLL,C:\Windows\SysWOW64\ucrtbase.dll,\VOLUME{01d240134ec3371c-524f8ba2}\WINDOWS\SYSWOW64\UCRTBASE.DLL,16
UNAME.EXE-3D36242F.PF,C:\Windows\Prefetch\UNAME.EXE-3D36242F.PF,\VOLUME{01d240134ec3371c-524f8ba2}\WINDOWS\PREFETCH\UNAME.EXE-3D36242F.PF,258
UPDATE.EXE-A94E17E8.PF,C:\Windows\Prefetch\UPDATE.EXE-A94E17E8.PF,\VOLUME{01d240134ec3371c-524f8ba2}\WINDOWS\PREFETCH\UPDATE.EXE-A94E17E8.PF,259
USER32.DLL,C:\Windows\SysWOW64\user32.dll,\VOLUME{01d240134ec3371c-524f8ba2}\WINDOWS\SYSWOW64\USER32.DLL,22
USER32.DLL,C:\Windows\System32\user32.dll,\VOLUME{01d240134ec3371c-524f8ba2}\WINDOWS\SYSTEM32\USER32.DLL,5
USERINIT.EXE-2257A3E7.PF,C:\Windows\Prefetch\USERINIT.EXE-2257A3E7.PF,\VOLUME{01d240134ec3371c-524f8ba2}\WINDOWS\PREFETCH\USERINIT.EXE-2257A3E7.PF,260
VC_REDIST.X64.EXE-5FA543CD.PF,C:\Windows\Prefetch\VC_REDIST.X64.EXE-5FA543CD.PF,\VOLUME{01d240134ec3371c-524f8ba2}\WINDOWS\PREFETCH\VC_REDIST.X64.EXE-5FA543CD.PF,261
VC_REDIST.X64.EXE-E17E10BF.PF,C:\Windows\Prefetch\VC_REDIST.X64.EXE-E17E10BF.PF,\VOLUME{01d240134ec3371c-524f8ba2}\WINDOWS\PREFETCH\VC_REDIST.X64.EXE-E17E10BF.PF,262
VERSION.DLL,C:\Windows\SysWOW64\version.dll,\VOLUME{01d240134ec3371c-524f8ba2}\WINDOWS\SYSWOW64\VERSION.DLL,36
VSSVC.EXE-B8AFC319.PF,C:\Windows\Prefetch\VSSVC.EXE-B8AFC319.PF,\VOLUME{01d240134ec3371c-524f8ba2}\WINDOWS\PREFETCH\VSSVC.EXE-B8AFC319.PF,263
WERFAULT.EXE-E69F695A.PF,C:\Windows\Prefetch\WERFAULT.EXE-E69F695A.PF,\VOLUME{01d240134ec3371c-524f8ba2}\WINDOWS\PREFETCH\WERFAULT.EXE-E69F695A.PF,264
WHERE.EXE-D9EBDC7F.PF,C:\Windows\Prefetch\WHERE.EXE-D9EBDC7F.PF,\VOLUME{01d240134ec3371c-524f8ba2}\WINDOWS\PREFETCH\WHERE.EXE-D9EBDC7F.PF,265
WIN32U.DLL,C:\Windows\SysWOW64\win32u.dll,\VOLUME{01d240134ec3371c-524f8ba2}\WINDOWS\SYSWOW64\WIN32U.DLL,24
WIN64OPENSSL-1_1_0G.TMP-81E0F337.PF,C:\Windows\Prefetch\WIN64OPENSSL-1_1_0G.TMP-81E0F337.PF,\VOLUME{01d240134ec3371c-524f8ba2}\WINDOWS\PREFETCH\WIN64OPENSSL-1_1_0G.TMP-81E0F337.PF,266
WINDOWS-KB890830-X64-V5.56-DE-B679D0E8.PF,C:\Windows\Prefetch\WINDOWS-KB890830-X64-V5.56-DE-B679D0E8.PF,\VOLUME{01d240134ec3371c-524f8ba2}\WINDOWS\PREFETCH\WINDOWS-KB890830-X64-V5.56-DE-B679D0E8.PF,267
WINDOWS.STORAGE.DLL,C:\Windows\SysWOW64\WINDOWS.STORAGE.DLL,\VOLUME{01d240134ec3371c-524f8ba2}\WINDOWS\SYSWOW64\WINDOWS.STORAGE.DLL,30
WINDOWSSHELL.MANIFEST,C:\Windows\WINDOWSSHELL.MANIFEST,\VOLUME{01d240134ec3371c-524f8ba2}\WINDOWS\WINDOWSSHELL.MANIFEST,38
WINLOGON.EXE-B020DC41.PF,C:\Windows\Prefetch\WINLOGON.EXE-B020DC41.PF,\VOLUME{01d240134ec3371c-524f8ba2}\WINDOWS\PREFETCH\WINLOGON.EXE-B020DC41.PF,268
WINPREFETCHVIEW.EXE,C:\USERS\STRATARXIS\DOWNLOADS\WINPREFETCHVIEW\WINPREFETCHVIEW.EXE,\VOLUME{01d240134ec3371c-524f8ba2}\USERS\STRATARXIS\DOWNLOADS\WINPREFETCHVIEW\WINPREFETCHVIEW.EXE,10
WINPREFETCHVIEW.EXE-3D228383.PF,C:\Windows\Prefetch\WINPREFETCHVIEW.EXE-3D228383.PF,\VOLUME{01d240134ec3371c-524f8ba2}\WINDOWS\PREFETCH\WINPREFETCHVIEW.EXE-3D228383.PF,269
WINRAR.EXE-94E7D80C.PF,C:\Windows\Prefetch\WINRAR.EXE-94E7D80C.PF,\VOLUME{01d240134ec3371c-524f8ba2}\WINDOWS\PREFETCH\WINRAR.EXE-94E7D80C.PF,270
WINSAT.EXE-DE36CB46.PF,C:\Windows\Prefetch\WINSAT.EXE-DE36CB46.PF,\VOLUME{01d240134ec3371c-524f8ba2}\WINDOWS\PREFETCH\WINSAT.EXE-DE36CB46.PF,271
WINSTORE.APP.EXE-87519B28.PF,C:\Windows\Prefetch\WINSTORE.APP.EXE-87519B28.PF,\VOLUME{01d240134ec3371c-524f8ba2}\WINDOWS\PREFETCH\WINSTORE.APP.EXE-87519B28.PF,272
WINSTORE.APP.EXE-D5525754.PF,C:\Windows\Prefetch\WINSTORE.APP.EXE-D5525754.PF,\VOLUME{01d240134ec3371c-524f8ba2}\WINDOWS\PREFETCH\WINSTORE.APP.EXE-D5525754.PF,273
WMIAPSRV.EXE-29F35ED0.PF,C:\Windows\Prefetch\WMIAPSRV.EXE-29F35ED0.PF,\VOLUME{01d240134ec3371c-524f8ba2}\WINDOWS\PREFETCH\WMIAPSRV.EXE-29F35ED0.PF,274
WMIPRVSE.EXE-1628051C.PF,C:\Windows\Prefetch\WMIPRVSE.EXE-1628051C.PF,\VOLUME{01d240134ec3371c-524f8ba2}\WINDOWS\PREFETCH\WMIPRVSE.EXE-1628051C.PF,275
WORDPAD.EXE-D7FD7414.PF,C:\Windows\Prefetch\WORDPAD.EXE-D7FD7414.PF,\VOLUME{01d240134ec3371c-524f8ba2}\WINDOWS\PREFETCH\WORDPAD.EXE-D7FD7414.PF,276
WOW64.DLL,C:\WINDOWS\SYSTEM32\WOW64.DLL,\VOLUME{01d240134ec3371c-524f8ba2}\WINDOWS\SYSTEM32\WOW64.DLL,1
WOW64CPU.DLL,C:\WINDOWS\SYSTEM32\WOW64CPU.DLL,\VOLUME{01d240134ec3371c-524f8ba2}\WINDOWS\SYSTEM32\WOW64CPU.DLL,6
WOW64WIN.DLL,C:\WINDOWS\SYSTEM32\WOW64WIN.DLL,\VOLUME{01d240134ec3371c-524f8ba2}\WINDOWS\SYSTEM32\WOW64WIN.DLL,2
WUAPIHOST.EXE-8C63377C.PF,C:\Windows\Prefetch\WUAPIHOST.EXE-8C63377C.PF,\VOLUME{01d240134ec3371c-524f8ba2}\WINDOWS\PREFETCH\WUAPIHOST.EXE-8C63377C.PF,277
WUAUCLT.EXE-70318591.PF,C:\Windows\Prefetch\WUAUCLT.EXE-70318591.PF,\VOLUME{01d240134ec3371c-524f8ba2}\WINDOWS\PREFETCH\WUAUCLT.EXE-70318591.PF,278
WUDFHOST.EXE-AFFEF87C.PF,C:\Windows\Prefetch\WUDFHOST.EXE-AFFEF87C.PF,\VOLUME{01d240134ec3371c-524f8ba2}\WINDOWS\PREFETCH\WUDFHOST.EXE-AFFEF87C.PF,279
XPSRCHVW.EXE-FEB3BF01.PF,C:\Windows\Prefetch\XPSRCHVW.EXE-FEB3BF01.PF,\VOLUME{01d240134ec3371c-524f8ba2}\WINDOWS\PREFETCH\XPSRCHVW.EXE-FEB3BF01.PF,280
YARA-PYTHON-3.7.0.WIN-AMD64-P-C58B43B2.PF,C:\Windows\Prefetch\YARA-PYTHON-3.7.0.WIN-AMD64-P-C58B43B2.PF,\VOLUME{01d240134ec3371c-524f8ba2}\WINDOWS\PREFETCH\YARA-PYTHON-3.7.0.WIN-AMD64-P-C58B43B2.PF,281
YARA-PYTHON-3.7.0.WIN-AMD64-P-D77F5D9D.PF,C:\Windows\Prefetch\YARA-PYTHON-3.7.0.WIN-AMD64-P-D77F5D9D.PF,\VOLUME{01d240134ec3371c-524f8ba2}\WINDOWS\PREFETCH\YARA-PYTHON-3.7.0.WIN-AMD64-P-D77F5D9D.PF,282
YARA64.EXE-9A76037D.PF,C:\Windows\Prefetch\YARA64.EXE-9A76037D.PF,\VOLUME{01d240134ec3371c-524f8ba2}\WINDOWS\PREFETCH\YARA64.EXE-9A76037D.PF,283
YARAC64.EXE-1FBEAE24.PF,C:\Windows\Prefetch\YARAC64.EXE-1FBEAE24.PF,\VOLUME{01d240134ec3371c-524f8ba2}\WINDOWS\PREFETCH\YARAC64.EXE-1FBEAE24.PF,284
